nusoc;nucon;cateco;g01co;g02co;g03co;g04co;g05co;g06co;g09co;g10co;g13co;g15co;g16co;g17co;g18co;g19co;g21co;g22co;g23co;g25co;g26co;g28co;clasco;tar6co;bomaco;fracco;acreco;mcreco;jcreco;prmaco;usagco1
16300;1;M;1;1;1;1;1;0;1;0;0;0;0;1;0;1;1;0;0;0;1;0;3;;1,00;A;2023;1;1;207,95;0
16398;4;M;1;1;1;1;1;1;0;0;0;0;0;1;0;1;1;0;0;0;1;0;5;;0,50;A;2024;8;1;662,37;0
16408;1;M;1;1;1;1;0;1;0;0;0;0;0;0;0;1;1;0;0;0;1;0;4;N;0,64;A;2023;1;5;481,31;0
16455;2;M;1;1;1;1;1;0;0;0;0;0;0;1;0;1;1;0;0;0;0;0;3;;1,00;M;2023;1;5;143,59;0
16455;1;M;1;1;1;1;1;1;1;0;0;0;0;1;0;1;1;0;0;0;1;0;7;;0,50;M;2023;1;5;324,80;0
16503;1;M;1;1;0;0;0;0;0;0;0;0;0;0;0;1;1;0;0;0;1;0;4;;0,50;A;2023;1;26;358,40;1
16530;2;M;1;1;0;0;0;0;0;0;0;0;0;0;0;1;1;0;0;0;1;0;4;;0,80;A;2024;3;4;538,12;0
16704;2;M;1;1;1;1;1;1;1;0;0;0;0;1;0;1;1;0;0;0;1;0;3;;0,50;M;2024;3;17;652,70;0
16833;1;M;1;1;1;1;1;1;0;0;0;0;0;1;0;1;1;0;0;0;1;0;6;;0,50;M;2023;2;5;495,76;0
17020;1;M;1;1;1;1;1;1;1;0;0;0;0;1;0;1;1;0;0;0;1;0;7;;0,50;A;2023;1;19;411,84;0
17020;2;M;1;1;0;0;0;0;0;0;0;0;0;0;0;1;1;0;0;0;1;0;7;;0,50;A;2023;1;19;203,25;0
17236;1;M;1;1;1;1;1;1;0;0;0;0;0;1;0;1;1;0;0;0;1;0;4;N;0,50;A;2023;1;20;337,85;0
17262;1;M;1;1;1;1;1;1;0;0;0;0;0;1;0;1;1;0;0;0;1;0;5;;0,64;A;2023;1;23;592,55;0
17461;1;C;1;1;1;1;1;1;1;0;1;0;1;1;0;1;1;0;0;0;1;0;0;;0,90;M;2023;1;22;702,77;0
17502;1;C;1;1;1;1;1;1;1;0;1;0;0;1;0;1;1;0;0;0;0;0;0;;1,00;A;2023;1;24;587,87;0
17598;1;M;1;1;0;0;0;0;0;0;0;0;0;0;0;1;1;0;0;0;1;0;7;;0,50;A;2023;1;27;413,98;0
17624;1;M;1;1;0;0;0;0;0;0;0;0;0;0;0;1;1;0;0;0;1;0;7;;0,50;A;2023;3;2;238,61;0
17666;1;M;1;1;1;1;1;1;0;0;0;0;0;1;0;1;1;0;0;0;1;0;1;;0,95;A;2023;1;28;441,66;0
17719;1;M;1;1;0;0;0;0;0;0;0;0;0;0;0;1;1;0;0;0;1;0;2;;0,95;A;2023;1;29;401,53;0
17776;1;C;1;1;0;0;0;0;0;0;1;0;0;0;0;1;1;0;0;0;0;0;0;;0,95;A;2023;1;29;404,24;0
17798;1;C;1;1;1;1;1;1;0;0;1;0;0;1;0;1;1;0;0;0;0;0;0;;0,90;M;2023;1;29;832,61;0
17848;1;M;1;1;1;1;1;1;1;0;0;0;0;1;0;1;1;0;1;1;1;0;7;;0,50;M;2023;2;1;533,29;0
17912;1;M;1;1;1;1;1;1;1;0;0;0;0;1;0;1;1;0;0;0;1;0;4;;0,80;M;2023;2;2;301,41;0
17912;3;M;1;1;1;1;1;0;0;0;0;0;0;1;0;1;1;0;0;0;0;0;3;;1,00;M;2024;9;22;157,82;0
17981;1;C;1;1;0;0;0;0;0;0;1;0;0;0;0;1;1;0;0;0;0;0;0;;1,00;A;2023;2;3;386,83;0
17981;2;C;1;1;0;0;0;0;0;0;1;0;0;0;0;1;1;0;0;0;0;0;0;;1,00;A;2023;2;3;366,85;0
17991;1;M;1;1;1;1;1;1;1;0;0;0;0;1;0;1;1;0;0;0;1;0;4;;0,76;M;2023;2;3;590,71;0
18018;1;C;1;1;0;0;0;0;0;0;1;0;0;0;0;1;1;0;0;0;0;0;0;;1,00;A;2023;2;3;280,53;0
18110;1;M;1;1;1;1;1;1;1;0;0;0;0;1;0;1;1;0;0;0;1;0;5;;0,72;A;2023;2;5;347,63;0
18123;1;M;1;1;1;1;1;1;0;0;0;0;0;1;0;1;1;0;0;0;1;0;5;;0,51;M;2023;2;5;337,95;0
18230;2;M;1;1;0;0;0;0;0;0;0;0;0;0;0;1;1;0;0;0;0;0;0;;1,00;A;2024;2;1;112,49;3
18230;3;M;1;1;1;1;1;1;1;0;0;0;0;1;0;1;1;0;0;0;1;0;7;;0,50;A;2024;6;10;442,37;0
18341;1;C;1;1;0;0;0;0;0;0;1;0;0;0;0;1;1;0;0;0;0;0;0;;0,90;A;2023;2;9;430,09;0
18773;1;C;1;1;0;0;0;0;0;0;1;0;0;0;0;1;1;0;0;0;0;0;0;;0,90;M;2023;2;14;257,25;0
18787;1;M;1;1;0;0;0;0;0;0;0;0;0;0;0;1;1;0;0;0;1;0;4;N;0,50;A;2023;2;17;273,10;0
18800;3;M;1;1;0;0;0;0;0;0;0;0;0;0;0;1;1;0;0;0;1;0;7;;0,50;A;2023;1;1;153,53;0
18801;1;M;1;1;0;0;0;0;0;0;0;0;0;0;0;1;1;0;0;0;1;0;6;;0,64;M;2023;3;19;239,10;0
18954;1;M;1;1;0;0;0;0;0;0;0;0;0;0;0;1;1;0;0;0;1;0;6;N;0,50;M;2023;2;19;261,55;0
18996;1;M;1;1;1;1;1;1;0;0;0;0;0;1;0;1;1;0;0;0;1;0;6;;0,51;A;2023;3;31;326,61;0
19073;1;M;1;1;1;1;1;1;0;0;0;0;0;1;0;1;1;0;0;0;1;0;3;N;0,76;A;2023;3;25;388,13;0
19155;1;M;1;1;1;1;1;1;1;0;0;0;0;1;0;1;1;0;0;0;1;0;3;N;0,80;M;2023;2;23;813,30;0
19155;2;M;1;1;0;0;0;0;0;0;0;0;0;0;0;1;1;0;0;0;1;0;3;;0,64;M;2024;6;20;477,10;0
19156;1;M;1;1;1;1;1;1;0;0;0;0;0;1;0;1;1;0;0;0;1;0;3;;0,72;A;2023;2;24;442,68;0
19311;1;M;1;1;0;0;0;0;0;0;0;0;0;0;0;1;1;0;0;0;0;0;3;;1,00;M;2023;2;25;173,20;0
19322;2;M;1;1;1;1;1;1;1;0;0;0;0;1;0;1;1;0;0;0;1;0;4;;0,72;M;2024;7;7;648,97;0
19322;1;M;1;1;1;1;1;0;0;0;0;0;0;1;0;1;1;0;0;0;0;0;0;;1,00;M;2023;2;25;163,72;0
19322;3;M;1;1;0;0;0;0;0;0;0;0;0;0;0;1;1;0;0;0;0;0;3;;1,00;M;2024;6;19;79,41;0
19348;1;M;1;1;0;0;0;0;0;0;0;0;0;0;0;1;1;0;0;0;1;0;4;N;0,50;A;2023;2;25;259,00;0
19371;1;M;1;1;0;0;0;0;0;0;0;0;0;0;0;1;1;0;0;0;1;0;7;;0,50;M;2023;2;26;329,65;0
19485;1;M;1;1;1;1;1;0;0;0;0;0;0;1;0;1;1;0;0;0;0;0;0;;1,00;A;2023;2;27;178,45;0
19550;1;C;1;1;0;0;0;0;0;0;1;0;0;0;0;1;1;0;0;0;0;0;0;;0,95;A;2023;2;26;404,24;0
19743;2;M;1;1;1;1;1;0;0;0;0;0;0;1;0;1;1;0;0;0;0;0;3;;1,00;S;2023;3;31;126,53;0
19743;1;M;1;1;1;1;1;0;0;0;0;0;0;1;0;1;1;0;0;0;0;0;3;;1,00;S;2023;3;31;140,32;0
19764;1;M;1;1;1;1;1;1;0;0;0;0;0;1;0;1;1;0;0;0;1;0;3;;0,76;M;2023;3;3;489,69;0
19930;1;M;1;1;1;1;1;1;0;0;0;0;0;1;0;1;1;0;0;0;1;0;4;;0,51;A;2023;3;7;791,58;0
19989;1;C;1;1;0;0;0;0;0;0;1;0;0;0;0;1;1;0;0;0;0;0;0;;0,95;A;2023;3;5;404,24;0
20065;1;M;1;1;0;0;0;0;0;0;0;0;0;0;0;1;1;0;0;0;0;0;0;;1,00;A;2023;3;6;70,54;0
20083;1;M;1;1;1;1;1;1;0;0;0;0;0;1;0;1;1;0;0;0;1;0;1;;0,95;A;2023;3;7;898,52;0
20141;1;M;1;1;1;1;1;1;1;0;0;0;0;1;0;1;1;0;0;0;1;0;3;;0,51;A;2023;3;7;473,34;0
20141;2;M;1;1;1;1;1;1;0;0;0;0;0;1;0;1;1;0;0;0;1;0;4;;0,50;A;2024;10;5;390,45;0
20157;1;M;1;1;0;0;0;0;0;0;0;0;0;0;0;1;1;0;0;0;1;0;4;;0,80;A;2023;3;7;253,51;0
20192;1;M;1;1;0;0;0;0;0;0;0;0;0;0;0;1;1;0;0;0;1;0;0;;1,00;A;2023;3;7;153,46;0
20324;3;M;1;1;1;1;1;1;1;0;0;0;0;1;0;1;1;0;0;0;1;0;7;;0,50;A;2024;3;28;320,40;0
20324;7;M;1;1;1;1;1;0;1;0;0;0;0;1;0;1;1;0;0;0;1;0;3;;1,00;A;2024;6;16;125,26;0
20324;5;M;1;1;0;0;0;0;0;0;0;0;0;0;0;1;1;0;0;0;1;0;3;;1,00;A;2024;4;13;69,16;0
20324;1;M;1;1;0;0;0;0;0;0;0;0;0;0;0;1;1;0;0;0;0;0;3;;1,00;A;2023;3;15;231,62;0
20338;1;M;1;1;1;1;1;1;0;0;0;0;0;1;0;1;1;0;0;0;1;0;5;;0,68;M;2023;3;10;287,87;0
20447;1;M;1;1;0;0;0;0;0;0;0;0;0;0;0;1;1;0;0;0;1;0;3;;0,85;S;2023;3;11;382,84;0
20447;3;M;1;1;0;0;0;0;0;0;0;0;0;0;0;1;1;0;0;0;1;0;3;;1,00;M;2023;3;11;90,73;0
20447;4;M;1;1;0;0;0;0;0;0;0;0;0;0;0;1;1;0;0;0;1;0;3;;1,00;S;2024;4;27;90,73;0
20449;1;M;1;1;1;1;1;1;0;0;0;0;0;1;0;1;1;0;0;0;1;0;5;;0,51;M;2023;3;11;251,43;0
20516;1;M;1;1;0;0;0;0;0;0;0;0;0;0;0;1;1;0;0;0;1;0;3;;1,00;M;2023;3;12;416,51;0
20608;1;M;1;1;1;1;1;1;1;0;0;0;0;1;0;1;1;0;0;0;1;0;5;;0,50;A;2023;3;13;447,67;0
20773;1;M;1;1;1;1;1;1;1;0;0;0;0;1;0;1;1;0;0;0;1;0;3;;0,64;A;2023;3;13;850,12;0
20773;3;M;1;1;1;1;1;1;1;0;0;0;0;1;0;1;1;0;0;0;1;0;6;;0,57;A;2024;9;16;1265,21;0
20794;1;M;1;1;0;0;0;0;0;0;0;0;0;0;0;1;1;0;0;0;1;0;3;;0,72;M;2023;3;16;483,09;0
20842;1;C;1;1;1;1;0;1;0;0;1;0;0;0;0;1;1;0;0;0;0;0;0;;0,90;S;2023;3;10;462,45;0
20917;1;M;1;1;0;0;0;0;0;0;0;0;0;0;0;1;1;0;0;0;0;0;0;;1,00;A;2023;3;19;154,00;3
21074;1;M;1;1;0;0;0;0;0;0;0;0;0;0;0;1;1;0;0;0;1;0;4;;0,50;M;2023;3;19;265,76;0
21082;3;M;1;1;1;1;1;1;1;0;0;0;0;1;0;1;1;0;0;0;1;0;7;;0,50;M;2024;6;29;934,14;0
21112;1;M;1;1;1;1;1;1;0;0;0;0;0;1;0;1;1;0;0;0;1;0;3;;0,80;A;2023;3;19;442,93;0
21128;1;M;1;1;0;0;0;0;0;0;0;0;0;0;0;1;1;0;0;0;1;0;6;;0,50;A;2023;3;19;193,16;0
21128;2;M;1;1;1;1;1;1;0;0;0;0;0;1;0;1;1;0;0;0;1;0;4;;0,50;A;2023;1;15;339,68;0
21211;1;M;1;1;0;0;0;0;0;0;0;0;0;0;0;1;1;0;0;0;1;0;0;;1,00;A;2023;3;19;1261,05;0
21259;1;M;1;1;1;1;1;1;1;0;0;0;0;1;0;1;1;0;0;0;1;0;7;;0,50;M;2023;3;31;439,45;0
21273;1;M;1;1;1;1;1;1;0;0;0;0;0;1;0;1;1;0;0;0;1;0;7;;0,50;A;2023;3;21;443,56;0
21343;1;M;1;1;0;0;0;0;0;0;0;0;0;0;0;1;1;0;0;0;1;0;7;;0,50;M;2023;3;21;488,18;0
21350;1;M;1;1;0;0;0;0;0;0;0;0;0;0;0;1;1;0;0;0;1;0;4;;0,72;M;2023;3;22;461,98;0
21418;1;M;1;1;1;1;1;1;0;0;0;0;0;1;0;1;1;0;0;0;1;0;4;;0,76;M;2023;3;22;501,04;0
21465;2;M;1;1;0;0;0;0;0;0;0;0;0;0;0;1;1;0;0;0;1;0;3;;0,80;A;2024;7;25;390,64;0
21475;2;M;1;1;0;0;0;0;0;0;0;0;0;0;0;1;1;0;0;0;1;0;7;;0,50;S;2023;4;1;215,41;0
21486;1;M;1;1;1;1;1;1;1;0;0;0;0;1;0;1;1;0;0;0;1;0;4;;0,50;M;2023;3;24;819,45;0
21560;1;M;1;1;1;1;0;1;1;0;0;0;0;0;0;1;1;0;0;0;1;0;7;;0,50;A;2023;1;27;308,52;0
21593;2;M;1;1;1;1;1;1;1;0;0;0;0;1;0;1;1;0;0;0;1;0;7;;0,50;M;2024;4;8;357,39;0
21593;4;M;1;1;1;1;1;1;0;0;0;0;0;1;0;1;1;0;0;0;1;0;1;;0,90;M;2024;4;20;508,03;0
21593;3;M;1;1;1;1;1;1;0;0;0;0;0;1;0;1;1;0;0;0;1;0;3;;0,90;M;2024;4;14;523,17;0
21612;1;M;1;1;1;1;1;1;0;0;0;0;0;1;0;1;1;0;0;0;1;0;7;;0,50;M;2023;3;25;486,75;0
21623;1;M;1;1;1;1;1;1;1;0;0;0;0;1;0;1;1;0;0;0;1;0;4;;0,72;M;2023;3;27;1257,32;0
21642;1;M;0;0;0;0;0;0;0;0;0;0;0;0;0;0;0;1;0;0;0;0;7;;0,50;M;2023;3;26;340,69;0
21709;1;M;1;1;1;1;1;1;1;0;0;0;0;1;0;1;1;0;0;0;1;0;5;;0,72;M;2023;3;26;603,81;0
21712;2;M;1;1;0;0;0;0;0;0;0;0;0;0;0;1;1;0;0;0;1;0;3;;0,50;S;2023;3;31;200,02;0
21712;1;M;1;1;1;1;1;1;0;0;0;0;0;1;0;1;1;0;0;0;1;0;7;;0,50;S;2023;3;31;434,43;0
21731;1;M;1;1;1;1;1;1;0;0;0;0;0;1;0;1;1;0;0;0;1;0;3;;0,90;A;2023;3;26;245,44;0
21802;2;M;1;1;1;1;1;1;0;0;0;0;0;1;0;1;1;0;0;0;1;0;7;;0,50;M;2023;5;7;340,89;0
21935;2;M;1;1;0;0;0;0;0;0;0;0;0;0;0;1;1;0;0;0;1;0;2;;0,95;A;2023;7;17;405,73;0
21981;2;M;1;1;0;0;0;0;0;0;0;0;0;0;0;1;1;0;0;0;0;0;3;;1,00;A;2023;4;1;57,33;0
21981;1;M;1;1;0;0;0;0;0;0;0;0;0;0;0;1;1;0;0;0;0;0;3;;1,00;A;2023;4;1;57,33;0
22025;1;M;1;1;1;1;1;1;0;0;0;0;0;1;0;1;1;0;0;0;1;0;6;;0,54;M;2023;4;1;319,06;0
22207;1;M;1;1;1;1;1;1;0;0;0;0;0;1;0;1;1;0;0;0;1;0;4;;0,57;M;2023;4;1;428,20;0
22213;1;M;1;1;1;1;1;1;0;0;0;0;0;1;0;1;1;0;0;0;1;0;6;;0,64;M;2023;4;1;379,88;0
22277;2;M;1;1;0;0;0;0;0;0;0;0;0;0;0;1;1;0;0;0;1;0;3;;0,60;M;2024;5;12;235,24;0
22277;5;M;1;1;0;0;0;0;0;0;0;0;0;0;0;1;1;0;0;0;1;0;6;;0,50;M;2023;2;28;187,26;0
22432;3;M;1;1;1;1;1;0;0;0;0;0;0;1;0;1;1;0;0;0;1;0;0;;1,00;M;2024;2;9;220,60;0
22481;1;M;1;1;0;0;0;0;0;0;0;0;0;0;0;1;1;0;0;0;0;0;3;;1,00;A;2023;4;1;90,98;0
22571;1;M;1;1;1;1;1;1;0;0;0;0;0;1;0;1;1;0;0;0;1;0;3;;1,00;A;2023;4;3;326,15;0
22571;2;M;1;1;1;1;1;1;1;0;0;0;0;1;0;1;1;0;0;0;1;0;4;;0,80;A;2024;10;2;833,12;0
22624;1;M;1;1;1;1;1;1;0;0;0;0;0;1;0;1;1;0;1;0;1;0;1;;0,95;A;2023;4;3;865,44;0
22624;3;M;1;1;1;1;1;1;0;0;0;0;0;1;0;1;1;0;0;0;1;0;1;;0,95;A;2024;5;16;849,34;0
22794;1;M;1;1;1;1;1;1;0;0;0;0;0;1;0;1;1;0;0;0;1;0;7;;0,50;A;2023;4;7;270,17;0
22805;1;M;1;1;1;1;1;0;0;0;0;0;0;1;0;1;1;0;0;0;0;0;0;;1,00;A;2023;4;7;120,87;0
22811;2;M;1;1;1;1;1;1;1;0;0;0;0;1;0;1;1;0;0;0;1;0;3;;0,85;M;2024;6;27;469,64;0
22822;1;M;1;1;1;1;1;1;1;0;0;0;0;1;0;1;1;0;0;0;1;0;5;;0,60;A;2023;4;10;897,55;0
22931;3;M;1;1;1;1;1;1;0;0;0;0;0;1;0;1;1;0;0;0;1;0;5;;0,64;M;2024;7;17;952,20;0
22954;1;C;1;1;0;0;0;0;0;0;1;0;0;0;0;1;1;0;0;0;0;0;0;;0,90;S;2023;4;7;304,63;0
22977;1;M;1;1;1;1;1;1;1;0;0;0;0;1;0;1;1;0;0;0;1;0;7;;0,50;M;2023;4;7;532,66;0
23069;1;M;1;1;0;0;0;0;0;0;0;0;0;0;0;1;1;0;0;0;1;0;4;;0,60;A;2023;4;11;514,35;0
23081;1;M;1;1;0;0;0;0;0;0;0;0;0;0;0;1;1;0;0;0;1;0;3;;0,72;M;2023;4;10;371,61;0
23094;1;C;1;1;1;1;1;1;1;0;1;0;0;0;0;1;1;0;0;0;0;0;0;;1,00;A;2023;4;1;473,73;1
23126;1;M;1;1;1;1;1;1;0;0;0;0;0;1;0;1;1;0;0;0;1;0;7;;0,60;A;2023;4;10;374,29;0
23126;2;M;1;1;0;0;0;0;0;0;0;0;0;0;0;1;1;0;0;0;1;0;7;;0,50;A;2024;10;13;214,93;0
23138;1;M;1;1;1;1;1;1;1;0;0;0;0;1;0;1;1;0;0;0;1;0;3;;0,50;S;2023;4;11;607,04;0
23165;1;M;1;1;1;1;1;1;0;0;0;0;0;1;0;1;1;0;0;0;1;0;3;;0,72;M;2023;4;11;446,81;0
23208;1;M;1;1;0;0;0;0;0;0;0;0;0;0;0;1;1;0;0;0;1;0;7;;0,50;A;2023;4;11;385,55;0
23217;1;M;1;1;1;1;1;1;0;0;0;0;0;1;0;1;1;0;0;0;1;0;6;;0,51;M;2023;4;10;580,37;0
23228;2;M;1;1;0;0;0;0;0;0;0;0;0;0;0;1;1;0;0;0;1;0;2;;0,90;A;2023;6;8;711,33;0
23289;1;M;1;1;1;1;1;1;0;0;0;0;0;1;0;1;1;0;0;0;1;0;5;;0,64;A;2023;4;11;281,26;0
23314;1;C;1;1;1;1;1;1;1;0;1;0;0;1;0;1;1;0;0;0;0;0;0;;0,95;A;2023;4;11;415,24;0
23327;1;M;1;1;1;1;1;0;0;0;0;0;0;1;0;1;1;0;0;0;0;0;0;;1,00;A;2023;4;11;145,50;0
23411;1;M;1;1;1;1;1;1;0;0;0;0;0;1;0;1;1;0;0;0;1;0;3;;0,64;A;2023;4;13;340,47;0
23481;1;M;1;1;1;1;1;1;0;0;0;0;0;1;0;1;1;0;0;0;1;0;7;;0,50;M;2023;4;26;253,52;0
23671;1;M;1;1;1;1;1;1;1;0;0;0;0;1;0;1;1;0;1;1;1;0;7;;0,50;A;2023;4;23;222,30;0
23681;15;M;1;1;0;0;0;0;0;0;0;0;0;0;0;1;1;0;0;0;1;0;0;;1,00;M;2024;6;20;447,33;0
23681;9;C;0;0;0;0;0;0;0;0;0;0;0;0;0;0;0;1;0;0;0;0;0;;1,00;M;2024;6;30;64,30;0
23681;2;C;1;1;0;0;0;0;0;0;1;0;0;0;0;1;1;0;0;0;1;0;0;;1,00;M;2023;4;15;455,11;0
23681;11;C;1;1;0;0;0;0;0;0;1;0;0;0;0;1;1;0;0;0;1;0;0;;1,00;M;2024;7;28;398,64;0
23681;16;M;1;1;0;0;0;0;0;0;0;0;0;0;0;1;1;0;0;0;1;0;0;;1,00;M;2024;6;21;443,66;0
23681;12;M;1;1;1;1;1;1;0;0;0;0;0;0;0;1;1;0;0;0;1;0;0;;1,00;M;2024;7;31;623,02;0
23681;3;M;0;0;0;0;0;0;0;0;0;0;0;0;0;0;0;1;0;0;0;0;3;;1,00;M;2023;4;15;64,30;0
23681;4;M;1;1;1;1;1;1;0;0;0;0;0;0;0;1;1;0;0;0;1;0;3;;1,00;M;2023;4;15;490,37;0
23681;10;C;0;0;0;0;0;0;0;0;0;0;0;0;0;0;0;1;0;0;0;0;0;;1,00;M;2024;7;20;64,30;0
23681;1;C;1;1;0;0;0;0;0;0;1;0;0;0;0;1;1;0;0;0;1;0;0;;1,00;M;2023;4;15;382,06;0
23681;5;M;1;1;0;0;0;0;0;0;0;0;0;0;0;1;1;0;0;0;1;0;0;;1,00;M;2024;7;7;441,43;0
23681;22;M;1;1;1;1;1;1;0;0;0;0;0;0;0;1;1;0;0;0;1;0;0;;1,00;M;2023;2;22;588,80;0
23681;7;M;1;1;1;1;1;1;0;0;0;0;0;0;0;1;1;0;0;0;1;0;4;;0,50;M;2024;3;14;456,74;1
23681;18;M;1;1;0;0;0;0;0;0;0;0;0;0;0;1;1;0;0;0;1;0;0;;1,00;M;2024;6;19;391,03;0
23681;21;M;0;0;0;0;0;0;0;0;0;0;0;0;0;0;0;1;0;0;0;0;0;;1,00;M;2024;7;23;71,79;0
23681;20;M;1;1;1;1;1;1;0;0;0;0;0;0;0;1;1;0;0;0;1;0;3;;1,00;M;2024;7;14;594,62;0
23681;13;M;1;1;1;1;1;1;1;0;0;0;0;0;0;1;1;0;0;0;1;0;;;1,00;M;2024;3;6;782,67;0
23681;19;C;0;0;0;0;0;0;0;0;0;0;0;0;0;0;0;1;0;0;0;0;0;;1,00;M;2024;7;12;370,58;0
23704;1;C;1;1;0;0;0;0;0;0;1;0;0;0;0;1;1;0;0;0;0;0;0;;1,00;A;2023;4;16;576,08;1
23704;2;C;1;1;0;0;0;0;0;0;1;0;0;0;0;1;1;0;0;0;0;0;0;;1,00;A;2023;4;16;576,08;1
24088;1;C;1;1;1;1;1;1;0;0;1;0;0;1;0;1;1;0;0;0;0;0;0;;0,90;M;2023;4;21;900,97;0
24139;1;M;1;1;1;1;1;1;1;0;0;0;0;1;0;1;1;0;0;0;1;0;7;;0,50;M;2023;5;23;641,10;0
24183;1;M;1;1;1;1;1;1;1;0;0;0;0;1;0;1;1;0;0;0;1;0;1;;0,95;M;2023;4;21;1501,37;0
24308;1;M;1;1;0;0;0;0;0;0;0;0;0;0;0;1;1;0;0;0;1;0;3;;0,85;M;2023;4;22;818,62;0
24308;2;M;1;1;0;0;0;0;0;0;0;0;0;0;0;1;1;0;0;0;1;0;3;;0,85;M;2024;2;17;316,26;0
24356;1;M;1;1;1;1;1;1;0;0;0;0;0;1;0;1;1;0;0;0;1;0;4;;0,76;M;2023;4;22;439,78;0
24364;1;M;0;0;0;0;0;0;0;0;0;0;0;0;0;0;0;1;0;0;0;0;3;;1,00;A;2023;4;22;81,15;0
24364;2;M;0;0;0;0;0;0;0;0;0;0;0;0;0;0;0;1;0;0;0;0;5;;0,51;A;2024;2;2;810,51;0
24365;1;M;1;1;1;1;1;1;0;0;0;0;0;1;0;1;1;0;0;0;1;0;3;;0,85;M;2023;4;22;559,82;0
24385;1;M;1;1;1;1;1;1;1;0;0;0;0;1;0;1;1;0;0;0;1;0;4;;0,50;A;2023;4;25;1343,02;0
24429;1;C;1;1;0;0;0;0;0;0;1;0;0;0;0;1;1;0;0;0;0;0;0;;0,95;A;2023;4;23;313,83;0
24480;2;M;1;1;1;1;1;1;1;0;0;0;0;1;0;1;1;0;1;1;1;0;6;;0,54;M;2023;7;6;522,07;0
24582;1;M;1;1;0;0;0;0;0;0;0;0;0;0;0;1;1;0;0;0;1;0;3;N;0,72;A;2023;4;24;839,09;0
24624;1;M;1;1;1;1;1;1;0;0;0;0;0;1;0;1;1;0;0;0;1;0;3;;0,64;M;2023;4;24;415,58;0
24725;1;M;1;1;0;0;0;0;0;0;0;0;0;0;0;1;1;0;0;0;1;0;3;;0,90;M;2023;4;25;864,78;0
24842;1;M;1;1;1;1;1;1;0;0;0;0;0;1;0;1;1;0;0;0;1;0;3;N;0,76;A;2023;4;27;489,99;0
24874;2;M;1;1;1;1;1;1;0;0;0;0;0;1;0;1;1;0;0;0;1;0;2;;0,95;A;2024;2;10;463,92;0
24874;1;M;1;1;0;0;0;0;0;0;0;0;0;0;0;1;1;0;0;0;1;0;1;;1,00;A;2023;4;28;443,04;0
24880;1;C;0;0;0;0;0;0;0;0;0;0;0;0;0;0;0;1;0;0;0;0;0;;0,90;M;2023;4;28;64,02;0
24911;1;M;1;1;1;1;1;1;0;0;0;0;0;1;0;1;1;0;0;0;1;0;6;;0,51;A;2023;4;30;536,30;0
25018;1;M;1;1;1;1;1;1;1;0;0;0;0;1;0;1;1;0;0;0;1;0;7;;0,50;A;2023;5;5;522,08;0
25018;2;M;1;1;1;1;1;1;1;0;0;0;0;1;0;1;1;0;0;0;1;0;7;;0,50;A;2024;6;16;522,95;0
25069;2;M;1;1;0;0;0;0;0;0;0;0;0;0;0;1;1;0;0;0;0;0;0;;1,00;A;2023;5;3;113,69;0
25069;1;M;1;1;0;0;0;0;0;0;0;0;0;0;0;1;1;0;0;0;0;0;3;;1,00;A;2023;5;3;102,76;0
25109;1;M;1;1;1;1;1;1;1;0;0;0;0;1;0;1;1;0;0;0;1;0;4;N;0,50;A;2023;5;1;738,50;0
25126;2;M;1;1;1;1;1;1;0;0;0;0;0;1;0;1;1;0;0;0;1;0;5;;0,68;M;2024;7;30;685,93;0
25191;1;M;1;1;1;1;1;0;1;0;0;0;0;1;0;1;1;0;0;0;0;0;3;;1,00;A;2023;5;10;194,16;0
25207;1;M;1;1;1;1;1;1;0;0;0;0;0;1;0;1;1;0;0;0;1;0;4;;0,68;A;2023;4;30;599,70;0
25251;1;M;1;1;0;0;0;0;0;0;0;0;0;0;0;1;1;0;0;0;1;0;3;;1,00;A;2023;4;30;356,33;0
25279;2;M;1;1;1;1;1;1;1;0;0;0;0;1;0;1;1;0;0;0;1;0;3;;0,50;A;2023;5;12;296,75;0
25303;1;M;1;1;0;0;0;0;0;0;0;0;0;0;0;1;1;0;0;0;1;0;4;;0,72;M;2023;5;1;574,64;0
25358;1;M;1;1;0;0;0;0;0;0;0;0;0;0;0;1;1;0;0;0;1;0;3;;0,72;M;2023;5;2;328,04;0
25366;1;M;1;1;1;1;1;1;0;0;0;0;0;1;0;1;1;0;0;0;1;0;2;;1,00;A;2023;5;1;791,54;0
25399;1;M;1;1;1;1;1;1;0;0;0;0;0;1;0;1;1;0;0;0;1;0;7;;0,50;A;2023;5;1;281,99;0
25459;3;M;1;1;0;0;0;0;0;0;0;0;0;0;0;1;1;0;0;0;0;0;0;;1,00;M;2024;3;24;85,58;0
25459;2;M;1;1;0;0;0;0;0;0;0;0;0;0;0;1;1;0;0;0;1;0;3;;1,00;M;2023;12;12;87,81;0
25459;1;M;1;1;1;1;1;0;1;0;0;0;0;1;0;1;1;0;0;0;1;0;3;;1,00;M;2023;5;4;139,10;0
25466;1;M;1;1;1;1;1;1;1;0;0;0;0;1;0;1;1;0;0;0;1;0;7;;0,50;M;2023;5;16;150,57;0
25474;1;M;1;1;1;1;1;1;1;0;0;0;0;1;0;1;1;0;0;0;1;0;7;;0,50;A;2023;5;5;701,60;0
25536;3;M;1;1;0;0;0;0;0;0;0;0;0;0;0;1;1;0;0;0;0;0;3;;1,00;M;2023;3;6;76,35;0
25536;1;M;1;1;0;0;0;0;0;0;0;0;0;0;0;1;1;0;0;0;1;0;6;;0,60;M;2023;5;5;310,81;0
25660;1;M;1;1;1;1;1;1;1;0;0;0;0;1;0;1;1;0;0;0;1;0;4;;0,50;A;2023;5;5;334,06;0
25706;1;M;1;1;1;1;1;1;0;0;0;0;0;1;0;1;1;0;0;0;1;0;5;;0,60;A;2023;5;4;428,35;0
25715;1;M;1;1;1;1;1;1;0;0;0;0;0;1;0;1;1;0;0;0;1;0;3;;0,64;M;2023;5;10;532,36;0
25763;1;M;1;1;1;1;1;1;0;0;0;0;0;1;0;1;1;0;0;0;1;0;6;;0,54;M;2023;5;7;549,11;0
25769;1;M;1;1;0;0;0;0;0;0;0;0;0;0;0;1;1;0;0;0;0;0;3;;1,00;A;2023;5;6;77,17;0
25842;1;M;1;1;1;1;1;0;0;0;0;0;0;1;0;1;1;0;0;0;1;0;3;;1,00;A;2023;5;7;119,92;0
25842;4;M;1;1;1;1;1;0;0;0;0;0;0;1;0;1;1;0;0;0;1;0;3;;1,00;A;2024;5;25;120,84;0
25842;3;M;1;1;1;1;1;0;1;0;0;0;0;1;0;1;1;0;0;0;1;0;3;;1,00;A;2024;4;10;230,65;0
25885;1;M;1;1;1;1;1;1;1;0;0;0;0;0;0;1;1;0;0;0;1;0;5;;0,50;A;2023;5;8;908,52;1
25919;2;M;1;1;1;1;1;1;1;0;0;0;0;1;0;1;1;0;0;0;1;0;3;;0,76;M;2024;6;13;797,65;0
25919;1;M;1;1;1;1;1;1;0;0;0;0;0;1;0;1;1;0;0;0;1;0;1;;0,90;M;2023;5;9;955,62;0
25950;1;M;1;1;0;0;0;0;0;0;0;0;0;0;0;1;1;0;0;0;1;0;3;;0,85;M;2023;5;9;944,64;0
26053;1;M;1;1;1;1;1;1;0;0;0;0;0;1;0;1;1;0;0;0;1;0;3;;0,85;M;2023;5;11;1639,94;0
26077;1;M;1;1;1;1;1;1;1;0;0;0;0;1;0;1;1;0;0;0;1;0;7;;0,50;M;2023;5;7;615,92;0
26121;1;M;1;1;1;1;1;1;0;0;0;0;0;1;0;1;1;0;0;0;1;0;0;;1,00;A;2023;5;11;1080,98;0
26303;1;M;1;1;1;1;1;1;1;0;0;0;0;1;0;1;1;0;0;0;1;0;4;;0,50;A;2023;5;12;469,88;0
26340;1;M;1;1;1;1;1;1;1;0;0;0;0;1;0;1;1;0;0;0;1;0;5;;0,50;A;2023;5;12;518,27;0
26410;2;C;1;1;0;0;0;0;0;0;1;0;1;0;0;1;1;0;0;0;1;0;0;;0,95;M;2024;4;20;267,07;0
26410;1;M;1;1;0;0;0;0;0;0;0;0;0;0;0;1;1;0;0;0;1;0;3;;0,70;M;2023;5;14;464,05;0
26413;2;M;1;1;1;1;1;1;1;0;0;0;0;1;0;1;1;0;0;0;1;0;7;;0,50;A;2023;6;15;497,34;0
26413;1;M;1;1;1;1;1;1;1;0;0;0;0;1;0;1;1;0;0;0;1;0;7;;0,50;A;2023;5;13;310,44;0
26413;3;M;1;1;1;1;1;0;1;0;0;0;0;1;0;1;1;0;0;0;1;0;3;;1,00;A;2023;9;17;247,94;0
26464;1;M;1;1;1;1;1;1;0;0;0;0;0;1;0;1;1;0;0;0;1;0;3;N;0,80;A;2023;5;13;2103,45;0
26466;2;M;1;1;1;1;1;1;1;0;0;0;0;1;0;1;1;0;1;1;1;0;3;;0,50;M;2023;6;25;588,51;0
26466;4;M;1;1;1;1;1;1;1;0;0;0;0;1;0;1;1;0;1;1;1;0;3;;0,85;M;2024;4;2;847,50;0
26466;1;M;1;1;1;1;1;1;1;0;0;0;0;1;0;1;1;0;0;0;1;0;3;;0,50;M;2023;5;15;280,55;0
26481;2;M;1;1;1;1;1;1;0;0;0;0;0;1;0;1;1;0;0;0;1;0;3;;0,90;M;2024;5;19;920,53;0
26481;4;M;1;1;1;1;1;1;1;0;0;0;0;1;0;1;1;0;0;0;1;0;3;;0,85;M;2024;7;13;638,16;0
26481;3;M;1;1;1;1;1;1;0;0;0;0;0;1;0;1;1;0;0;0;1;0;3;;0,85;M;2024;2;12;1256,21;0
26481;1;M;1;1;1;1;1;1;0;0;0;0;0;1;0;1;1;0;0;0;1;0;3;;0,90;M;2023;5;13;417,63;0
26546;1;M;1;1;0;0;0;0;0;0;0;0;0;0;0;1;1;0;0;0;1;0;2;;0,90;A;2023;5;15;545,51;0
26552;1;M;1;1;1;1;1;0;1;0;0;0;0;1;0;1;1;0;0;0;0;0;3;;1,00;A;2023;5;15;185,55;0
26552;2;M;1;1;1;1;1;0;0;0;0;0;0;1;0;1;1;0;0;0;0;0;3;;1,00;A;2024;4;9;282,60;0
26586;1;M;1;1;1;1;1;1;0;0;0;0;0;1;0;1;1;0;0;0;1;0;6;;0,60;M;2023;5;15;1420,02;0
26625;1;M;1;1;1;1;1;1;0;0;0;0;0;1;0;1;1;0;0;0;1;0;3;;0,80;A;2023;5;16;781,02;0
26659;2;M;1;1;1;1;1;0;1;0;0;0;0;1;0;1;1;0;0;0;1;0;3;;1,00;M;2024;10;5;204,14;0
26674;2;M;1;1;1;1;1;1;0;0;0;0;0;1;0;1;1;0;0;0;1;0;4;;0,50;A;2024;6;30;576,01;0
26674;1;M;1;1;0;0;0;0;0;0;0;0;0;0;0;1;1;0;0;0;0;0;3;;1,00;A;2023;5;16;76,06;0
26747;1;M;1;1;1;1;1;1;0;0;0;0;0;0;0;1;1;0;0;0;1;0;7;;0,50;A;2023;4;30;194,86;0
26784;1;M;1;1;1;1;1;1;1;0;0;0;0;1;0;1;1;0;0;0;1;0;6;;0,51;M;2023;6;1;603,52;0
26805;1;M;1;1;1;1;1;1;1;0;0;0;0;1;0;1;1;0;0;0;1;0;7;;0,50;M;2023;5;18;288,06;0
26875;1;M;1;1;1;1;1;1;0;0;0;0;0;1;0;1;1;0;0;0;1;0;4;;0,50;S;2023;5;19;255,36;0
26900;1;M;1;1;1;1;1;1;1;0;0;0;0;1;0;1;1;0;0;0;1;0;5;;0,68;A;2023;5;18;381,38;0
26963;1;M;1;1;1;1;1;1;0;0;0;0;0;1;0;1;1;0;0;0;1;0;3;;0,85;A;2023;5;19;350,60;0
26971;1;M;1;1;0;0;0;0;0;0;0;0;0;0;0;1;1;0;0;0;1;0;3;;0,90;A;2023;5;19;516,04;0
26980;1;M;1;1;0;0;0;0;0;0;0;0;0;0;0;1;1;0;0;0;1;0;7;;0,50;A;2023;5;20;283,82;0
27039;1;C;1;1;1;1;1;1;0;0;1;0;0;1;0;1;1;0;0;0;0;0;0;;1,00;A;2023;5;20;428,39;0
27072;1;M;1;1;1;1;1;1;0;0;0;0;0;1;0;1;1;0;0;0;1;0;3;;0,50;M;2023;5;20;218,04;0
27081;1;M;1;1;1;1;1;1;0;0;0;0;0;1;0;1;1;0;0;0;1;0;7;;0,50;A;2023;5;21;294,01;0
27135;2;M;1;1;1;1;1;1;0;0;0;0;0;1;0;1;1;0;0;0;1;0;7;;0,50;A;2024;5;20;407,74;0
27135;3;M;1;1;0;0;0;0;0;0;0;0;0;0;0;1;1;0;0;0;1;0;7;;0,50;S;2024;10;8;214,41;0
27406;1;M;1;1;0;0;0;0;0;0;0;0;0;0;0;1;1;0;0;0;1;0;3;;0,85;M;2023;5;22;693,08;0
27479;1;M;1;1;1;1;1;1;1;0;0;0;0;1;0;1;1;0;0;0;1;0;4;;0,60;M;2023;5;22;749,22;0
27498;1;C;1;1;1;1;1;1;1;0;1;0;0;1;0;1;1;0;0;0;0;0;0;;1,00;A;2023;5;23;367,33;0
27504;1;M;1;1;0;0;0;0;0;0;0;0;0;0;0;1;1;0;0;0;1;0;6;;0,51;M;2023;5;23;290,26;0
27537;4;M;1;1;0;0;0;0;0;0;0;0;0;0;0;1;1;0;0;0;1;0;3;;0,80;M;2024;4;15;497,50;0
27537;5;M;1;1;0;0;0;0;0;0;0;0;0;0;0;1;1;0;0;0;1;0;6;;0,57;M;2024;4;25;427,17;0
27544;1;M;1;1;1;1;1;1;0;0;0;0;0;1;0;1;1;0;0;0;1;0;3;N;0,68;A;2023;5;29;390,61;0
27649;1;M;1;1;1;1;1;1;1;0;0;0;0;1;0;1;1;0;0;0;1;0;7;;0,50;M;2023;5;29;610,80;0
27778;1;M;1;1;1;1;1;1;1;0;0;0;0;0;0;1;1;0;0;0;1;0;7;;0,50;A;2023;5;26;475,72;1
27811;1;M;1;1;0;0;0;0;0;0;0;0;0;0;0;1;1;0;0;0;1;0;4;;0,51;M;2023;5;27;427,30;0
27849;5;M;1;1;1;1;1;1;1;0;0;0;0;0;0;1;1;0;0;0;1;0;0;;1,00;A;2023;6;11;919,70;0
27849;6;M;1;1;1;1;1;1;1;0;0;0;0;0;0;1;1;0;0;0;1;0;0;;1,00;A;2024;3;10;30345,22;0
27974;1;M;1;1;1;1;1;1;0;0;0;0;0;1;0;1;1;0;0;0;1;0;7;;0,50;M;2023;5;30;625,73;0
28052;1;C;1;1;1;1;1;1;0;0;1;0;0;1;0;1;1;0;0;0;0;0;0;;0,95;A;2023;6;1;487,83;0
28073;1;M;1;1;0;0;0;0;0;0;0;0;0;0;0;1;1;0;0;0;1;0;3;;0,80;A;2023;5;30;302,59;0
28079;1;M;1;1;1;1;1;1;1;0;0;0;0;1;0;1;1;0;0;0;1;0;3;N;0,68;A;2023;5;29;490,56;0
28284;2;M;1;1;0;0;0;0;0;0;0;0;0;0;0;1;1;0;0;0;0;0;0;;1,00;A;2024;3;24;90,04;0
28284;3;M;1;1;1;1;1;1;0;0;0;0;0;1;0;1;1;0;0;0;1;0;7;;0,50;A;2024;3;30;448,75;0
28284;5;M;1;1;0;0;0;0;0;0;0;0;0;0;0;1;1;0;0;0;0;0;3;;1,00;A;2023;2;11;54,35;0
28284;4;M;1;1;0;0;0;0;0;0;0;0;0;0;0;1;1;0;0;0;0;0;3;;1,00;A;2023;2;11;54,35;0
28303;1;C;1;1;0;0;0;0;0;0;1;0;0;0;0;1;1;0;0;0;0;0;0;;1,00;S;2023;6;2;564,30;1
28339;1;M;1;1;1;1;1;1;0;0;0;0;0;1;0;1;1;0;0;0;1;0;3;;0,90;M;2023;6;3;880,79;0
28390;2;M;1;1;1;1;1;0;0;0;0;0;0;1;0;1;1;0;0;0;0;0;0;;1,00;A;2024;5;23;145,50;0
28390;3;M;1;1;1;1;1;0;0;0;0;0;0;1;0;1;1;0;0;0;0;0;3;;1,00;A;2024;5;23;127,16;0
28482;1;M;1;1;0;0;0;0;0;0;0;0;0;0;0;1;1;0;0;0;1;0;1;;0,95;A;2023;6;3;372,11;0
28482;2;M;1;1;0;0;0;0;0;0;0;0;0;0;0;1;1;0;0;0;1;0;2;;0,90;A;2024;7;17;391,23;0
28626;2;M;1;1;1;1;1;1;0;0;0;0;0;1;0;1;1;0;0;0;1;0;5;;0,50;M;2024;5;18;820,71;0
28679;1;M;1;1;1;1;1;1;1;0;0;0;0;1;0;1;1;0;0;0;1;0;3;;0,90;A;2023;6;4;979,81;0
28760;2;M;1;1;0;0;0;0;0;0;0;0;0;0;0;1;1;0;0;0;1;0;4;N;0,50;M;2023;1;5;310,85;0
28861;1;M;1;1;0;0;0;0;0;0;0;0;0;0;0;1;1;0;0;0;1;0;3;;0,76;M;2023;6;5;634,78;0
28872;1;M;1;1;1;1;1;1;1;0;0;0;0;1;0;1;1;0;0;0;1;0;7;;0,50;M;2023;6;5;442,02;0
28919;3;M;1;1;0;0;0;0;0;0;0;0;0;0;0;1;1;0;0;0;1;0;3;N;0,80;M;2023;3;21;256,45;0
29006;1;M;1;1;1;1;1;1;0;0;0;0;0;1;0;1;1;0;0;0;1;0;4;;0,50;M;2023;6;7;508,41;0
29012;2;C;1;1;0;0;0;0;0;0;1;0;0;0;0;1;1;0;0;0;0;0;0;;1,00;A;2024;8;3;189,98;0
29012;1;M;1;1;0;0;0;0;0;0;0;0;0;0;0;1;1;0;0;0;1;0;4;;0,72;A;2023;6;7;194,30;0
29069;1;C;1;1;0;0;0;0;0;0;1;0;0;0;0;1;1;0;0;0;0;0;0;;1,00;A;2023;6;8;384,49;0
29182;1;M;1;1;1;1;1;1;1;0;0;0;0;1;0;1;1;0;0;0;1;0;7;;0,50;A;2023;7;3;203,96;0
29255;1;M;1;1;1;1;1;1;0;0;0;0;0;1;0;1;1;0;0;0;1;0;7;;0,50;M;2023;6;10;466,04;0
29265;2;M;1;1;1;1;1;1;1;0;0;0;0;1;0;1;1;0;0;0;1;0;7;;0,50;M;2023;6;11;398,96;0
29283;1;C;1;1;0;0;0;0;0;0;1;0;0;0;0;1;1;0;0;0;0;0;0;;0,95;A;2023;6;8;409,92;0
29400;1;M;1;1;0;0;0;0;0;0;0;0;0;0;0;1;1;0;0;0;0;0;0;;1,00;A;2023;6;11;94,90;0
29451;2;M;1;1;1;1;1;1;1;0;0;0;0;1;0;1;1;0;0;0;1;0;4;;0,50;A;2023;12;11;560,32;0
29466;2;M;1;1;1;1;1;1;0;0;0;0;0;1;0;1;1;0;0;0;1;0;3;;1,00;M;2023;8;18;777,35;0
29485;1;M;1;1;1;1;1;1;1;0;0;0;0;1;0;1;1;0;0;0;1;0;6;;0,57;A;2023;6;11;696,39;0
29518;1;M;1;1;0;0;0;0;0;0;0;0;0;0;0;1;1;0;0;0;1;0;3;;0,85;M;2023;6;13;538,81;0
29530;1;M;1;1;0;0;0;0;0;0;0;0;0;0;0;1;1;0;0;0;1;0;5;;0,50;A;2023;6;12;452,11;0
29604;1;C;1;1;1;1;1;1;1;0;1;0;0;1;0;1;1;0;0;0;0;0;0;;0,95;A;2023;6;12;489,96;3
29661;1;M;1;1;1;1;1;1;0;0;0;0;0;1;0;1;1;0;0;0;1;0;4;;0,64;A;2023;6;13;497,69;0
29683;1;M;1;1;0;0;0;0;0;0;0;0;0;0;0;1;1;0;0;0;1;0;4;N;0,60;M;2023;6;13;584,45;0
29683;2;M;1;1;0;0;0;0;0;0;0;0;0;0;0;1;1;0;0;0;1;0;3;;0,57;M;2024;5;28;339,37;0
29688;1;M;1;1;1;1;1;1;0;0;0;0;0;1;0;1;1;0;0;0;1;0;2;;0,95;A;2023;6;13;395,04;0
29866;2;M;1;1;0;0;0;0;0;0;0;0;0;0;0;1;1;0;0;0;1;0;6;;0,64;M;2023;1;26;295,59;0
29866;1;M;1;1;0;0;0;0;0;0;0;0;0;0;0;1;1;0;0;0;1;0;3;;0,90;M;2023;6;16;678,82;0
29941;11;C;1;1;0;0;0;0;0;0;1;0;0;0;0;1;1;0;0;0;0;0;0;;1,00;M;2024;6;8;362,33;0
29941;33;C;1;1;0;0;0;0;0;0;1;0;0;0;0;1;1;0;0;0;0;0;0;;1,00;M;2024;6;14;426,07;0
29941;22;C;1;1;0;0;0;0;0;0;1;0;0;0;0;1;1;0;0;0;1;0;0;;1,00;M;2024;6;14;398,64;0
29941;25;C;1;1;0;0;0;0;0;0;1;0;0;0;0;1;1;0;0;0;0;0;0;;1,00;M;2024;6;14;426,07;0
29941;1;C;1;1;0;0;0;0;0;0;1;0;0;0;0;1;1;0;0;0;0;0;0;;1,00;M;2023;5;28;338,99;0
29941;2;C;1;1;0;0;0;0;0;0;1;0;0;0;0;1;1;0;0;0;0;0;0;;1,00;M;2023;5;28;338,99;0
29941;4;C;1;1;0;0;0;0;0;0;1;0;0;0;0;1;1;0;0;0;0;0;0;;1,00;M;2023;5;28;338,99;0
29941;7;C;1;1;0;0;0;0;0;0;1;0;0;0;0;1;1;0;0;0;0;0;0;;1,00;M;2023;7;14;424,09;0
29941;20;C;1;1;0;0;0;0;0;0;1;0;0;0;0;1;1;0;0;0;0;0;0;;1,00;M;2024;6;12;413,65;0
29941;28;C;1;1;0;0;0;0;0;0;1;0;0;0;0;1;1;0;0;0;0;0;0;;1,00;M;2024;6;14;413,65;0
29941;32;C;1;1;0;0;0;0;0;0;1;0;0;0;0;1;1;0;0;0;0;0;0;;1,00;M;2024;6;14;413,65;0
29941;35;C;1;1;0;0;0;0;0;0;1;0;0;0;0;1;1;0;0;0;0;0;0;;1,00;M;2024;6;4;315,16;0
29941;27;C;1;1;0;0;0;0;0;0;1;0;0;0;0;1;1;0;0;0;0;0;0;;1,00;M;2024;6;14;426,07;0
29941;6;C;1;1;0;0;0;0;0;0;1;0;0;0;0;1;1;0;0;0;0;0;0;;1,00;M;2023;5;28;301,34;0
29941;16;C;1;1;0;0;0;0;0;0;1;0;0;0;0;1;1;0;0;0;0;0;0;;1,00;M;2024;6;12;413,65;0
29941;17;C;1;1;0;0;0;0;0;0;1;0;0;0;0;1;1;0;0;0;0;0;0;;1,00;M;2024;6;12;413,65;0
29941;21;C;1;1;0;0;0;0;0;0;1;0;0;0;0;1;1;0;0;0;0;0;0;;1,00;M;2024;6;12;413,65;0
29941;29;C;1;1;0;0;0;0;0;0;1;0;0;0;0;1;1;0;0;0;0;0;0;;1,00;M;2024;6;14;413,65;0
29941;30;C;1;1;0;0;0;0;0;0;1;0;0;0;0;1;1;0;0;0;0;0;0;;1,00;M;2024;6;14;315,16;0
29941;3;C;1;1;0;0;0;0;0;0;1;0;0;0;0;1;1;0;0;0;0;0;0;;1,00;M;2023;5;28;338,99;0
29941;12;C;1;1;0;0;0;0;0;0;1;0;0;0;0;1;1;0;0;0;0;0;0;;1,00;M;2024;6;8;413,65;0
29941;13;C;1;1;0;0;0;0;0;0;1;0;0;0;0;1;1;0;0;0;0;0;0;;1,00;M;2024;6;14;370,58;0
29941;15;C;1;1;0;0;0;0;0;0;1;0;0;0;0;1;1;0;0;0;0;0;0;;1,00;M;2024;6;12;413,65;0
29941;18;C;1;1;0;0;0;0;0;0;1;0;0;0;0;1;1;0;0;0;0;0;0;;1,00;M;2024;6;12;413,65;0
29941;26;C;1;1;0;0;0;0;0;0;1;0;0;0;0;1;1;0;0;0;0;0;0;;1,00;M;2024;6;14;413,65;0
29941;31;C;1;1;0;0;0;0;0;0;1;0;0;0;0;1;1;0;0;0;0;0;0;;1,00;M;2024;6;14;413,65;0
29941;34;C;1;1;0;0;0;0;0;0;1;0;0;0;0;1;1;0;0;0;0;0;0;;1,00;M;2024;6;15;426,07;0
29941;36;C;0;0;0;0;0;0;0;0;0;0;0;0;0;0;0;1;0;0;0;0;0;;1,00;M;2024;5;11;64,02;0
30077;1;M;1;1;0;0;0;0;0;0;0;0;0;0;0;1;1;0;0;0;0;0;0;;1,00;A;2023;6;18;82,89;0
30104;1;M;1;1;0;0;0;0;0;0;0;0;0;0;0;1;1;0;0;0;0;0;0;;1,00;A;2023;5;22;88,83;0
30106;1;C;1;1;0;0;0;0;0;0;1;0;1;0;0;1;1;0;0;0;1;0;0;;0,90;A;2023;6;17;436,19;0
30142;1;M;1;1;1;1;1;1;1;0;1;0;0;0;0;1;1;0;0;0;1;0;3;;1,00;M;2023;6;18;3817,94;1
30250;1;M;1;1;0;0;0;0;0;0;0;0;0;0;0;1;1;0;0;0;1;0;4;;0,50;A;2023;6;19;338,04;0
30274;1;M;1;1;1;1;1;1;0;0;0;0;0;1;0;1;1;0;0;0;1;0;3;;0,68;M;2023;6;19;531,48;0
30334;1;C;1;1;0;0;0;0;0;0;1;0;0;0;0;1;1;0;0;0;0;0;0;;0,95;A;2023;6;23;299,15;0
30335;1;C;1;1;0;0;0;0;0;0;1;0;0;0;0;1;1;0;0;0;0;0;0;;1,00;A;2023;6;19;404,50;0
30342;2;M;1;1;1;1;1;1;0;0;0;0;0;1;0;1;1;0;0;0;1;0;4;;0,64;A;2024;4;16;359,82;0
30381;1;M;1;1;1;1;1;1;1;0;0;0;0;1;0;1;1;0;0;0;1;0;3;;0,60;M;2023;6;19;500,48;0
30418;3;M;1;1;0;0;0;0;0;0;0;0;0;0;0;1;1;0;0;0;1;0;7;;0,50;M;2024;3;20;319,96;0
30418;1;M;1;1;0;0;0;0;0;0;0;0;0;0;0;1;1;0;0;0;1;0;4;;0,64;M;2023;6;20;678,69;0
30427;1;M;1;1;0;0;0;0;0;0;0;0;0;0;0;1;1;0;0;0;1;0;6;;0,54;M;2023;6;20;746,84;0
30427;2;M;1;1;1;1;1;1;0;0;0;0;0;1;0;1;1;0;1;0;1;0;4;;0,80;M;2024;12;5;989,30;0
30515;1;M;1;1;1;1;1;1;1;0;0;0;0;1;0;1;1;0;0;0;1;0;7;;0,50;M;2023;6;19;601,85;0
30533;1;M;1;1;0;0;0;0;0;0;0;0;0;0;0;1;1;0;0;0;1;0;3;;0,80;A;2023;6;22;295,51;0
30533;2;M;1;1;0;0;0;0;0;0;0;0;0;0;0;1;1;0;0;0;0;0;3;;1,00;A;2024;4;8;177,13;0
30533;3;M;1;1;0;0;0;0;0;0;0;0;0;0;0;1;1;0;0;0;0;0;3;;1,00;A;2023;1;9;163,75;0
30645;2;M;1;1;0;0;0;0;0;0;0;0;0;0;0;1;1;0;0;0;1;0;3;;0,54;A;2023;7;20;165,93;0
30689;3;M;1;1;1;1;1;1;1;0;0;0;0;1;0;1;1;0;0;0;1;0;6;;0,57;S;2024;4;7;966,20;0
30827;1;M;1;1;0;0;0;0;0;0;0;0;0;0;0;1;1;0;0;0;1;0;7;;0,50;M;2023;8;1;201,26;0
30891;1;M;1;1;1;1;1;0;0;0;0;0;0;1;0;1;1;0;0;0;0;0;0;;1,00;A;2023;6;26;218,87;0
30891;2;M;1;1;1;1;1;1;0;0;0;0;0;1;0;1;1;0;0;0;1;0;7;;0,50;A;2024;8;4;270,01;0
31010;2;M;1;1;1;1;1;1;0;0;0;0;0;1;0;1;1;0;0;0;1;0;4;;0,80;S;2023;9;8;595,35;0
31010;1;M;1;1;1;1;1;0;0;0;0;0;0;1;0;1;1;0;0;0;0;0;0;;1,00;S;2023;6;24;194,63;0
31043;1;C;1;1;1;1;1;1;0;0;1;0;0;1;0;1;1;0;0;0;0;0;0;;0,95;A;2023;6;26;336,38;0
31060;1;C;1;1;0;0;0;0;0;0;1;0;0;0;0;1;1;0;0;0;0;0;0;;0,95;S;2023;6;27;248,98;0
31183;2;M;1;1;1;1;1;0;0;0;0;0;0;1;0;1;1;0;0;0;0;0;0;;1,00;M;2023;6;27;138,47;0
31183;1;M;1;1;1;1;1;1;1;0;0;0;0;1;0;1;1;0;0;0;1;0;4;;0,72;M;2023;6;27;534,66;0
31205;1;M;1;1;0;0;0;0;0;0;0;0;0;0;0;1;1;0;0;0;1;0;7;;0,50;M;2023;6;22;239,92;0
31348;2;M;1;1;1;1;1;1;0;0;0;0;0;1;0;1;1;0;0;0;1;0;3;;0,85;M;2024;7;1;693,58;0
31351;1;M;1;1;0;0;0;0;0;0;0;0;0;0;0;1;1;0;0;0;1;0;5;;0,50;M;2023;6;30;288,59;0
31367;1;M;1;1;1;1;1;1;0;0;0;0;0;1;0;1;1;0;0;0;1;0;3;;0,85;A;2023;6;30;266,10;0
31439;1;M;1;1;1;1;1;1;0;0;0;0;0;1;0;1;1;0;0;0;1;0;7;;0,50;M;2023;7;3;547,11;0
31451;2;M;1;1;1;1;1;1;0;0;0;0;0;1;0;1;1;0;0;0;1;0;4;;0,76;M;2024;8;19;1526,84;0
31465;1;M;1;1;0;0;0;0;0;0;0;0;0;0;0;1;1;0;0;0;1;0;4;;0,51;M;2023;6;30;617,78;0
31485;1;C;1;1;0;0;0;0;0;0;1;0;0;0;0;1;1;0;0;0;0;0;0;;0,95;A;2023;6;29;465,49;0
31493;1;M;1;1;1;1;1;1;1;0;0;0;0;1;0;1;1;0;0;0;1;0;6;;0,54;A;2023;7;2;671,21;0
31538;1;M;1;1;1;1;1;1;0;0;0;0;0;1;0;1;1;0;0;0;1;0;3;;0,76;M;2023;6;30;270,89;0
31546;2;M;1;1;1;1;1;1;0;0;0;0;0;1;0;1;1;0;0;0;1;0;3;;0,68;A;2024;6;24;435,49;0
31552;1;M;1;1;0;0;0;0;0;0;0;0;0;0;0;1;1;0;0;0;0;0;0;;1,00;A;2023;7;1;81,57;0
31629;1;M;1;1;1;1;1;1;0;0;0;0;0;1;0;1;1;0;0;0;1;0;7;;0,50;A;2023;7;2;353,36;0
31846;2;M;1;1;1;1;1;1;1;0;0;0;0;1;0;1;1;0;0;0;1;0;4;;0,60;M;2023;2;9;907,19;0
31846;1;M;1;1;1;1;1;1;1;0;0;0;0;1;0;1;1;0;0;0;1;0;4;;0,64;M;2023;7;7;570,32;0
31893;1;M;1;1;0;0;0;0;0;0;0;0;0;0;0;1;1;0;0;0;1;0;7;;0,50;A;2023;7;3;265,52;0
31900;1;M;1;1;1;1;1;1;1;0;0;0;0;1;0;1;1;0;0;0;1;0;4;;0,50;A;2023;7;4;1204,88;0
32008;1;M;1;1;1;1;1;1;1;0;0;0;0;1;0;1;1;0;0;0;1;0;7;;0,50;M;2023;8;8;609,56;0
32171;1;M;1;1;1;1;1;1;1;0;0;0;0;1;0;1;1;0;0;0;1;0;7;;0,50;A;2023;7;8;404,69;0
32357;1;M;1;1;0;0;0;0;0;0;0;0;0;0;0;1;1;0;0;0;0;0;0;;1,00;M;2023;7;10;120,61;3
32357;2;M;1;1;1;1;1;1;1;0;0;0;0;1;0;1;1;0;0;0;1;0;5;;0,60;M;2024;6;29;938,82;0
32381;1;M;1;1;0;0;0;0;0;0;0;0;0;0;0;1;1;0;0;0;1;0;4;;0,50;A;2023;7;3;349,97;1
32415;1;M;1;1;1;1;1;0;0;0;0;0;0;1;0;1;1;0;0;0;0;0;3;;1,00;A;2023;7;9;155,86;0
32469;2;M;1;1;1;1;1;1;1;0;0;0;0;1;0;1;1;0;0;0;1;0;0;;0,95;M;2024;5;18;1216,35;0
32528;1;M;1;1;1;1;1;1;1;0;0;0;0;1;0;1;1;0;0;0;1;0;6;;0,51;M;2023;7;12;562,52;0
32610;1;M;1;1;1;1;1;1;1;0;0;0;0;1;0;1;1;0;0;0;1;0;7;;0,50;M;2023;7;11;427,63;0
32745;1;M;1;1;1;1;1;1;0;0;0;0;0;1;0;1;1;0;0;0;1;0;3;;0,50;M;2023;7;11;235,31;0
32745;4;M;1;1;0;0;0;0;0;0;0;0;0;0;0;1;1;0;0;0;1;0;5;;0,50;M;2023;3;9;182,90;0
32745;2;M;1;1;1;1;1;1;0;0;0;0;0;1;0;1;1;0;0;0;1;0;5;;0,51;M;2024;4;1;250,56;0
32776;2;M;1;1;0;0;0;0;0;0;0;0;0;0;0;1;1;0;0;0;0;0;3;;1,00;A;2023;8;15;50,54;0
32776;1;M;1;1;0;0;0;0;0;0;0;0;0;0;0;1;1;0;0;0;0;0;3;;1,00;A;2023;8;15;50,54;0
32776;4;M;1;1;0;0;0;0;0;0;0;0;0;0;0;1;1;0;0;0;0;0;3;;1,00;A;2023;10;17;57,33;0
32776;3;M;1;1;0;0;0;0;0;0;0;0;0;0;0;1;1;0;0;0;0;0;3;;1,00;A;2023;10;17;57,33;0
32777;29;M;1;1;1;1;1;1;1;0;0;0;0;0;0;1;1;0;0;0;1;0;0;;1,00;M;2024;5;29;944,69;0
32777;13;C;1;1;0;0;0;0;0;0;1;0;0;0;0;1;1;0;0;0;0;0;0;;1,00;M;2024;5;11;413,65;0
32777;27;C;1;1;0;0;0;0;0;0;1;0;0;0;0;1;1;0;0;0;0;0;0;;1,00;M;2024;5;23;413,65;0
32777;28;C;1;1;0;0;0;0;0;0;1;0;0;0;0;1;1;0;0;0;0;0;0;;1,00;M;2024;5;23;413,65;0
32777;1;C;0;0;0;0;0;0;0;0;0;0;0;0;0;0;0;1;0;0;0;0;0;;1,00;M;2023;6;27;64,30;0
32777;2;C;0;0;0;0;0;0;0;0;0;0;0;0;0;0;0;1;0;0;0;0;0;;1,00;M;2023;6;27;64,30;0
32777;5;M;1;1;1;1;1;1;1;0;0;0;0;0;0;1;1;0;0;0;1;0;3;;1,00;M;2023;7;11;886,23;0
32777;22;M;0;0;0;0;0;0;0;0;0;0;0;0;0;0;0;1;0;0;0;0;0;;1,00;M;2024;7;7;64,30;0
32777;23;M;0;0;0;0;0;0;0;0;0;0;0;0;0;0;0;1;0;0;0;0;0;;1,00;M;2024;7;7;64,30;0
32777;24;M;0;0;0;0;0;0;0;0;0;0;0;0;0;0;0;1;0;0;0;0;0;;1,00;M;2024;7;9;64,30;0
32777;25;M;1;1;1;1;1;1;1;0;0;0;0;0;0;1;1;0;0;0;1;0;3;;1,00;M;2024;5;23;1173,30;0
32777;6;M;1;1;1;1;1;1;1;0;0;0;0;0;0;1;1;0;0;0;1;0;3;;1,00;M;2023;7;17;848,51;0
32777;7;M;1;1;0;0;0;0;0;0;0;0;0;0;0;1;1;0;0;0;1;0;0;;1,00;M;2023;7;31;310,29;0
32777;8;M;1;1;1;1;1;1;1;0;0;0;0;0;0;1;1;0;0;0;1;0;3;;1,00;M;2023;8;12;789,25;0
32777;16;M;0;0;0;0;0;0;0;0;0;0;0;0;0;0;0;1;0;0;0;0;0;;1,00;M;2024;6;13;64,30;0
32777;17;M;0;0;0;0;0;0;0;0;0;0;0;0;0;0;0;1;0;0;0;0;3;;1,00;M;2024;6;6;64,30;0
32777;18;C;1;1;0;0;0;0;0;0;1;0;0;0;0;1;1;0;0;0;0;0;0;;1,00;M;2024;6;23;413,65;0
32777;19;C;0;0;0;0;0;0;0;0;0;0;0;0;0;0;0;1;0;0;0;0;0;;1,00;M;2024;6;28;64,30;0
32777;20;C;0;0;0;0;0;0;0;0;0;0;0;0;0;0;0;1;0;0;0;0;0;;1,00;M;2024;6;28;64,30;0
32777;26;M;1;1;1;1;1;1;1;0;0;0;0;0;0;1;1;0;0;0;1;0;3;;1,00;M;2024;5;23;885,94;0
32825;1;M;1;1;1;1;1;1;1;0;0;0;0;1;0;1;1;0;0;0;1;0;7;;0,50;M;2023;7;13;276,83;0
32838;1;M;1;1;0;0;0;0;0;0;0;0;0;0;0;1;1;0;0;0;1;0;3;N;0,80;A;2023;7;13;302,79;0
32863;1;M;1;1;1;1;1;1;1;0;0;0;0;0;0;1;1;0;0;0;1;0;3;;1,00;A;2023;7;6;1236,96;1
32880;1;M;1;1;1;1;1;1;0;0;0;0;0;1;0;1;1;0;0;0;1;0;1;;0,95;A;2023;7;15;330,23;0
32894;1;M;1;1;1;1;1;1;0;0;0;0;0;1;0;1;1;0;0;0;1;0;5;;0,50;M;2023;7;15;331,17;0
32894;2;M;1;1;1;1;1;1;0;0;0;0;0;1;0;1;1;0;0;0;1;0;7;;0,50;M;2024;7;21;288,63;0
32898;1;M;1;1;1;1;1;1;1;0;0;0;0;0;0;1;1;0;0;0;1;0;7;;0,50;A;2023;7;14;642,73;0
32918;1;M;1;1;0;0;0;0;0;0;0;0;0;0;0;1;1;0;0;0;0;0;3;;1,00;A;2023;7;16;98,81;0
32965;1;M;1;1;0;0;0;0;0;0;0;0;0;0;0;1;1;0;0;0;0;0;0;;1,00;A;2023;7;15;81,57;0
33026;1;M;1;1;1;1;1;1;1;0;0;0;0;1;0;1;1;0;0;0;1;0;7;;0,50;M;2023;7;16;721,68;0
33031;1;M;1;1;1;1;1;1;1;0;0;0;0;1;0;1;1;0;0;0;1;0;3;;0,68;M;2023;7;16;1106,34;0
33229;1;M;1;1;1;1;1;1;0;0;0;0;0;1;0;1;1;0;0;0;1;0;7;;0,50;A;2023;7;31;225,44;0
33232;6;M;1;1;0;0;0;0;0;0;0;0;0;0;0;1;1;0;0;0;1;0;3;;1,00;A;2024;3;15;51,06;0
33232;2;M;1;1;0;0;0;0;0;0;0;0;0;0;0;1;1;0;0;0;1;0;3;;1,00;A;2023;12;17;52,21;0
33232;1;M;1;1;1;1;1;0;0;0;0;0;0;1;0;1;1;0;0;0;1;0;3;;1,00;A;2023;7;17;111,74;0
33232;3;M;1;1;0;0;0;0;0;0;0;0;0;0;0;1;1;0;0;0;1;0;3;;1,00;A;2024;3;13;53,10;0
33232;4;M;1;1;0;0;0;0;0;0;0;0;0;0;0;1;1;0;0;0;0;0;0;;1,00;A;2024;6;14;81,57;0
33232;5;M;1;1;0;0;0;0;0;0;0;0;0;0;0;1;1;0;0;0;1;0;3;;1,00;A;2024;3;15;51,06;0
33243;1;M;1;1;0;0;0;0;0;0;0;0;0;0;0;1;1;0;0;0;0;0;0;;1,00;A;2023;7;13;61,74;0
33309;2;M;1;1;1;1;1;1;0;0;0;0;0;1;0;1;1;0;0;0;1;0;6;;0,60;M;2024;5;9;246,89;0
33309;1;M;1;1;1;1;1;1;0;0;0;0;0;1;0;1;1;0;0;0;1;0;6;;0,60;M;2023;7;18;457,80;0
33374;1;M;1;1;1;1;1;1;1;0;0;0;0;1;0;1;1;0;0;0;1;0;6;;0,54;A;2023;7;20;528,38;0
33473;1;M;1;1;0;0;0;0;0;0;0;0;0;0;0;1;1;0;0;0;1;0;1;;1,25;A;2023;7;20;315,58;0
33490;1;M;1;1;1;1;1;1;1;0;0;0;0;1;0;1;1;0;0;0;1;0;3;;0,54;A;2023;7;21;487,26;0
33497;1;M;1;1;1;1;1;1;0;0;0;0;0;1;0;1;1;0;0;0;1;0;3;;0,76;M;2023;7;21;636,94;0
33497;2;M;1;1;1;1;1;1;0;0;0;0;0;1;0;1;1;0;0;0;1;0;3;;0,72;M;2024;3;10;858,20;0
33497;3;M;1;1;1;1;1;0;1;0;0;0;0;1;0;1;1;0;0;0;1;0;3;;1,00;M;2024;4;11;286,66;0
33601;1;C;1;1;0;0;0;0;0;0;1;0;0;0;0;1;1;0;0;0;0;0;0;;1,00;A;2023;7;10;583,52;1
33622;1;M;1;1;1;1;1;1;1;0;0;0;0;1;0;1;1;0;0;0;1;0;3;;0,80;A;2023;7;22;444,12;0
33647;10;C;1;1;0;0;0;0;0;0;1;0;0;0;0;1;1;0;0;0;0;0;0;;1,00;M;2023;7;22;395,45;0
33647;20;C;0;0;0;0;0;0;0;0;0;0;0;0;0;0;0;1;0;0;0;0;0;;1,00;M;2024;4;26;64,30;0
33647;21;C;0;0;0;0;0;0;0;0;0;0;0;0;0;0;0;1;0;0;0;0;0;;1,00;M;2024;4;26;64,30;0
33647;22;C;0;0;0;0;0;0;0;0;0;0;0;0;0;0;0;1;0;0;0;0;0;;1,00;M;2024;4;26;64,30;0
33647;23;C;0;0;0;0;0;0;0;0;0;0;0;0;0;0;0;1;0;0;0;0;0;;1,00;M;2024;4;26;64,30;0
33647;26;M;1;1;0;0;0;0;0;0;0;0;0;0;0;1;1;0;0;0;1;0;3;;1,00;M;2024;6;1;449,40;0
33647;30;M;0;0;0;0;0;0;0;0;0;0;0;0;0;0;0;1;0;0;0;0;3;;1,00;M;2024;6;3;64,30;0
33647;6;C;1;1;0;0;0;0;0;0;1;0;0;0;0;1;1;0;0;0;1;0;0;;1,00;M;2023;7;20;492,89;0
33647;17;C;0;0;0;0;0;0;0;0;0;0;0;0;0;0;0;1;0;0;0;0;0;;1,00;M;2024;4;25;64,30;0
33647;9;C;0;0;0;0;0;0;0;0;0;0;0;0;0;0;0;1;0;0;0;0;0;;1,00;M;2023;7;22;62,42;0
33647;28;M;1;1;0;0;0;0;0;0;0;0;0;0;0;1;1;0;0;0;1;0;3;;1,00;M;2024;6;2;449,40;0
33647;35;C;0;0;0;0;0;0;0;0;0;0;0;0;0;0;0;1;0;0;0;0;0;;1,00;M;2024;6;22;64,30;0
33647;1;M;1;1;0;0;0;0;0;0;0;0;0;0;0;1;1;0;0;0;1;0;3;;1,00;M;2023;7;18;452,21;0
33647;2;M;1;1;0;0;0;0;0;0;0;0;0;0;0;1;1;0;0;0;1;0;3;;1,00;M;2023;7;18;430,15;0
33647;3;C;0;0;0;0;0;0;0;0;0;0;0;0;0;0;0;1;0;0;0;0;0;;1,00;M;2023;7;20;62,42;0
33647;4;C;0;0;0;0;0;0;0;0;0;0;0;0;0;0;0;1;0;0;0;0;0;;1,00;M;2023;7;20;62,42;0
33647;8;M;1;1;0;0;0;0;0;0;0;0;0;0;0;1;1;0;0;0;1;0;3;;1,00;M;2023;7;21;449,40;0
33647;11;C;0;0;0;0;0;0;0;0;0;0;0;0;0;0;0;1;0;0;0;0;0;;1,00;M;2023;7;22;62,42;0
33647;12;C;1;1;0;0;0;0;0;0;1;0;0;0;0;1;1;0;0;0;0;0;0;;1,00;M;2023;7;22;395,45;0
33647;15;M;1;1;0;0;0;0;0;0;0;0;0;0;0;1;1;0;0;0;1;0;3;;1,00;M;2023;8;17;430,15;0
33647;16;C;0;0;0;0;0;0;0;0;0;0;0;0;0;0;0;1;0;0;0;0;0;;1,00;M;2024;4;23;64,30;0
33647;18;C;1;1;0;0;0;0;0;0;1;0;0;0;0;1;1;0;0;0;1;0;0;;1,00;M;2024;4;25;441,85;0
33647;19;C;0;0;0;0;0;0;0;0;0;0;0;0;0;0;0;1;0;0;0;0;0;;1,00;M;2024;4;26;64,30;0
33647;24;C;0;0;0;0;0;0;0;0;0;0;0;0;0;0;0;1;0;0;0;0;0;;1,00;M;2024;4;26;64,30;0
33647;25;M;0;0;0;0;0;0;0;0;0;0;0;0;0;0;0;1;0;0;0;0;3;;1,00;M;2024;4;28;64,30;0
33647;27;M;0;0;0;0;0;0;0;0;0;0;0;0;0;0;0;1;0;0;0;0;3;;1,00;M;2024;6;2;64,30;0
33647;29;M;1;1;0;0;0;0;0;0;0;0;0;0;0;1;1;0;0;0;1;0;3;;1,00;M;2024;6;3;449,40;0
33647;7;M;1;1;0;0;0;0;0;0;0;0;0;0;0;1;1;0;0;0;1;0;3;;1,00;M;2023;7;20;452,21;0
33647;13;C;0;0;0;0;0;0;0;0;0;0;0;0;0;0;0;1;0;0;0;0;0;;1,00;M;2023;7;31;64,30;0
33647;31;M;1;1;0;0;0;0;0;0;0;0;0;0;0;1;1;0;0;0;1;0;3;;1,00;M;2024;6;15;449,40;0
33647;32;C;0;0;0;0;0;0;0;0;0;0;0;0;0;0;0;1;0;0;0;0;0;;1,00;M;2024;6;18;64,30;0
33647;33;C;1;1;0;0;0;0;0;0;1;0;0;0;0;1;1;0;0;0;0;0;0;;1,00;M;2024;6;20;413,65;0
33647;34;M;1;1;0;0;0;0;0;0;0;0;0;0;0;1;1;0;0;0;1;0;0;;1,00;M;2024;6;20;449,40;0
33647;36;M;0;0;0;0;0;0;0;0;0;0;0;0;0;0;0;1;0;0;0;0;0;;1,00;M;2024;6;23;64,30;0
33708;2;M;1;1;0;0;0;0;0;0;0;0;0;0;0;1;1;0;0;0;1;0;4;;0,64;S;2024;8;3;257,37;0
33708;1;M;1;1;0;0;0;0;0;0;0;0;0;0;0;1;1;0;0;0;0;0;3;;1,00;S;2023;7;22;78,07;0
33752;1;M;1;1;1;1;1;1;0;0;0;0;0;1;0;1;1;0;0;0;1;0;2;;0,95;M;2023;7;23;472,73;0
33756;2;M;1;1;0;0;0;0;0;0;0;0;0;0;0;1;1;0;0;0;0;0;0;;1,00;M;2024;2;26;85,58;0
33776;1;M;1;1;1;1;1;1;1;0;0;0;0;1;0;1;1;0;0;0;1;0;3;;0,80;M;2023;7;24;863,48;0
33834;1;M;1;1;1;1;1;1;1;0;0;0;0;1;0;1;1;0;0;0;1;0;4;N;0,51;A;2023;7;24;223,66;0
33843;1;M;1;1;1;1;1;1;0;0;0;0;0;1;0;1;1;0;0;0;1;0;7;;0,50;A;2023;8;26;259,41;0
33880;1;M;1;1;1;1;1;1;1;0;0;0;0;1;0;1;1;0;0;0;1;0;4;N;0,50;A;2023;7;21;608,12;0
33887;1;M;1;1;1;1;1;1;0;0;0;0;0;1;0;1;1;0;0;0;1;0;3;;0,90;M;2023;8;8;904,63;0
33908;1;M;1;1;0;0;0;0;0;0;0;0;0;0;0;1;1;0;0;0;1;0;3;;0,50;M;2023;7;24;232,40;0
33921;1;M;1;1;0;0;0;0;0;0;0;0;0;0;0;1;1;0;0;0;1;0;5;;0,72;A;2023;7;24;559,14;0
33946;1;M;1;1;1;1;1;1;1;0;0;0;0;1;0;1;1;0;0;0;1;0;3;;0,80;M;2023;7;24;733,81;0
33949;2;M;1;1;1;1;1;1;1;0;0;0;0;1;0;1;1;0;0;0;1;0;2;;1,00;A;2023;8;1;590,25;0
33949;1;C;1;1;1;1;1;1;0;0;1;0;0;1;0;1;1;0;0;0;0;0;0;;1,00;A;2023;7;25;528,10;0
33952;1;M;1;1;1;1;1;1;1;0;0;0;0;1;0;1;1;0;1;1;1;0;7;;0,50;S;2023;7;25;744,09;0
33969;1;M;1;1;0;0;0;0;0;0;0;0;0;0;0;1;1;0;0;0;1;0;5;;0,72;M;2023;7;24;837,65;0
34011;1;M;1;1;1;1;1;1;0;0;0;0;0;1;0;1;1;0;0;0;1;0;5;;0,68;M;2023;7;26;440,41;0
34084;1;M;1;1;1;1;1;1;1;0;0;0;0;1;0;1;1;0;0;0;1;0;5;;0,50;M;2023;7;27;602,91;0
34084;2;M;1;1;1;1;1;1;1;0;0;0;0;1;0;1;1;0;0;0;1;0;4;N;0,50;M;2023;7;27;399,35;0
34084;3;M;1;1;1;1;1;1;1;0;0;0;0;1;0;1;1;0;0;0;1;0;6;;0,57;M;2024;7;20;398,40;0
34135;1;M;1;1;0;0;0;0;0;0;0;0;0;0;0;1;1;0;0;0;1;0;4;N;0,50;A;2023;6;2;257,20;0
34156;2;M;1;1;1;1;1;1;0;0;0;0;0;1;0;1;1;0;0;0;1;0;3;N;0,50;A;2024;5;22;554,59;0
34156;1;M;1;1;1;1;1;1;1;0;0;0;0;1;0;1;1;0;0;0;1;0;7;;0,50;A;2023;7;29;273,15;0
34156;3;M;1;1;1;1;1;1;0;0;0;0;0;1;0;1;1;0;0;0;1;0;3;;0,50;A;2024;3;27;342,15;0
34166;1;M;1;1;1;1;1;1;1;0;0;0;0;1;0;1;1;0;0;0;1;0;3;N;0,76;A;2023;7;27;938,01;0
34181;1;M;1;1;1;1;1;1;1;0;0;0;0;1;0;1;1;0;0;0;1;0;7;;0,50;A;2023;7;29;585,97;0
34181;2;M;1;1;0;0;0;0;0;0;0;0;0;0;0;1;1;0;0;0;1;0;7;;0,50;A;2023;8;31;286,62;0
34181;3;M;1;1;0;0;0;0;0;0;0;0;0;0;0;1;1;0;0;0;0;0;3;;1,00;A;2023;8;31;77,13;0
34181;4;M;1;1;0;0;0;0;0;0;0;0;0;0;0;1;1;0;0;0;0;0;3;;1,00;A;2023;8;31;77,13;0
34242;1;M;1;1;1;1;1;1;0;0;0;0;0;1;0;1;1;0;0;0;1;0;0;;1,00;A;2023;7;24;551,21;0
34274;1;M;1;1;0;0;0;0;0;0;0;0;0;0;0;1;1;0;0;0;1;0;7;;0,50;M;2023;8;4;207,41;0
34300;2;M;1;1;0;0;0;0;0;0;0;0;0;0;0;1;1;0;0;0;1;0;4;;0,80;M;2023;1;3;559,03;0
34336;1;C;1;1;1;1;1;1;1;0;1;0;0;1;0;1;1;0;0;0;0;0;0;;0,90;S;2023;7;29;654,18;0
34361;1;M;1;1;0;0;0;0;0;0;0;0;0;0;0;1;1;0;0;0;1;0;3;N;0,76;M;2023;7;29;568,56;0
34390;1;M;1;1;0;0;0;0;0;0;0;0;0;0;0;1;1;0;0;0;0;0;3;;1,00;A;2023;7;31;69,24;0
34396;1;M;1;1;0;0;0;0;0;0;0;0;0;0;0;1;1;0;0;0;0;0;0;;1,00;A;2023;8;10;93,62;0
34523;1;C;1;1;1;1;1;1;0;0;1;0;0;1;0;1;1;0;0;0;0;0;0;;0,90;A;2023;7;31;489,11;0
34582;1;M;1;1;1;1;1;1;0;0;0;0;0;1;0;1;1;0;0;0;1;0;4;;0,76;M;2023;7;31;336,19;0
34596;2;M;1;1;1;1;1;1;0;0;0;0;0;1;0;1;1;0;0;0;1;0;7;;0,50;A;2024;6;21;292,39;0
34596;1;M;1;1;1;1;1;1;0;0;0;0;0;1;0;1;1;0;0;0;1;0;7;;0,50;A;2023;9;1;318,53;0
34627;1;M;1;1;0;0;0;0;0;0;0;0;0;0;0;1;1;0;0;0;1;0;2;;0,90;A;2023;8;1;769,85;0
34701;1;M;1;1;0;0;0;0;0;0;0;0;0;0;0;1;1;0;0;0;1;0;3;;0,76;M;2023;7;29;456,45;0
34769;1;M;1;1;1;1;1;1;0;0;0;0;0;1;0;1;1;0;0;0;1;0;3;;0,90;A;2023;7;27;317,94;0
34773;1;M;1;1;1;1;1;1;1;0;0;0;0;1;0;1;1;0;0;0;1;0;7;;0,50;M;2023;7;30;250,67;0
34777;1;C;1;1;0;0;0;0;0;0;1;0;0;0;0;1;1;0;0;0;0;0;0;;0,90;M;2023;8;3;451,11;0
34796;1;M;1;1;1;1;1;0;1;0;0;0;0;1;0;1;1;0;0;0;0;0;3;;1,00;A;2023;8;15;195,83;0
34824;1;M;1;1;0;0;0;0;0;0;0;0;0;0;0;1;1;0;0;0;0;0;0;;1,00;A;2023;8;4;75,41;0
34832;2;M;1;1;0;0;0;0;0;0;0;0;0;0;0;1;1;0;0;0;1;0;6;;0,51;M;2024;8;18;472,42;0
34856;1;M;1;1;0;0;0;0;0;0;0;0;0;0;0;1;1;0;0;0;0;0;3;;1,00;A;2023;8;7;163,45;0
34896;2;M;1;1;1;1;1;1;1;0;0;0;0;1;0;1;1;0;0;0;1;0;5;;0,72;M;2024;3;17;656,05;0
34896;3;M;1;1;1;1;1;0;0;0;0;0;0;1;0;1;1;0;0;0;0;0;3;;1,00;M;2024;4;25;101,02;0
34896;4;M;1;1;1;1;1;0;0;0;0;0;0;1;0;1;1;0;0;0;0;0;3;;1,00;M;2024;5;29;138,49;0
34906;1;C;1;1;0;0;0;0;0;0;1;0;0;0;0;1;1;0;0;0;0;0;0;;0,90;M;2023;8;5;266,92;0
34913;1;M;1;1;0;0;0;0;0;0;0;0;0;0;0;1;1;0;0;0;0;0;3;;1,00;M;2023;8;6;82,97;0
34967;1;M;1;1;0;0;0;0;0;0;0;0;0;0;0;1;1;0;0;0;1;0;6;;0,50;M;2023;8;6;527,81;0
34968;1;M;1;1;0;0;0;0;0;0;0;0;0;0;0;1;1;0;0;0;0;0;0;;1,00;S;2023;8;5;83,96;0
34987;1;M;1;1;1;1;1;1;1;0;0;0;0;1;0;1;1;0;0;0;1;0;7;;0,50;M;2023;8;1;335,01;0
34988;1;M;1;1;0;0;0;0;0;0;0;0;0;0;0;1;1;0;0;0;1;0;4;N;0,50;A;2023;8;4;207,08;0
34989;1;M;1;1;1;1;1;1;1;0;0;0;0;1;0;1;1;0;0;0;1;0;3;;0,90;M;2023;8;5;457,84;0
34998;1;M;1;1;0;0;0;0;0;0;0;0;0;0;0;1;1;0;0;0;1;0;5;;0,64;M;2023;8;5;1032,17;0
35007;1;M;1;1;1;1;1;1;0;0;0;0;0;1;0;1;1;0;0;0;1;0;5;;0,50;A;2023;8;6;469,19;0
35023;1;M;1;1;1;1;1;1;1;0;0;0;0;1;0;1;1;0;0;0;1;0;6;;0,51;M;2023;8;8;656,70;0
35043;1;M;1;1;0;0;0;0;0;0;0;0;0;0;0;1;1;0;0;0;1;0;3;;0,72;A;2023;8;6;790,04;0
35047;2;M;1;1;1;1;0;1;0;0;0;0;0;0;0;1;1;0;0;0;1;0;3;;0,57;M;2023;12;15;321,89;0
35079;1;M;1;1;1;1;1;1;0;0;0;0;0;1;0;1;1;0;0;0;1;0;7;;0,50;M;2023;8;5;492,46;0
35179;1;M;1;1;1;1;1;1;0;0;0;0;0;1;0;1;1;0;0;0;1;0;1;;0,95;A;2023;8;7;561,18;0
35214;1;M;1;1;1;1;1;1;0;0;0;0;0;1;0;1;1;0;0;0;1;0;4;;0,50;M;2023;8;7;368,37;0
35308;2;M;1;1;1;1;1;1;0;0;0;0;0;1;0;1;1;0;0;0;1;0;1;;0,95;A;2023;10;12;461,82;0
35402;1;M;1;1;1;1;1;1;0;0;0;0;0;1;0;1;1;0;0;0;1;0;4;;0,72;M;2023;8;11;1010,87;0
35420;1;M;1;1;1;1;1;1;0;0;0;0;0;1;0;1;1;0;0;0;1;0;4;;0,50;M;2023;8;11;310,09;0
35570;1;M;1;1;1;1;1;1;0;0;0;0;0;1;0;1;1;0;0;0;1;0;4;N;0,51;A;2023;8;12;356,35;0
35577;1;C;1;1;1;1;1;1;1;0;1;0;0;0;0;1;1;0;0;0;0;0;0;;0,95;A;2023;8;8;1183,98;0
35610;1;M;1;1;1;1;1;1;1;0;0;0;0;1;0;1;1;0;0;0;1;0;7;;0,50;M;2023;9;14;1015,96;0
35615;1;M;1;1;0;0;0;0;0;0;0;0;0;0;0;1;1;0;0;0;0;0;3;;1,00;A;2023;8;12;69,24;0
35710;1;M;1;1;1;1;1;1;0;0;0;0;0;1;0;1;1;0;0;0;1;0;0;;1,00;A;2023;8;13;568,02;0
35716;1;M;1;1;1;1;1;1;1;0;0;0;0;1;0;1;1;0;0;0;1;0;3;;0,76;M;2023;8;13;257,23;0
35723;1;M;1;1;1;1;1;1;0;0;0;0;0;1;0;1;1;0;0;0;1;0;5;;0,72;M;2023;8;14;589,73;0
35723;3;M;1;1;1;1;1;1;1;0;0;0;0;1;0;1;1;0;0;0;1;0;3;;0,72;M;2024;8;22;793,92;0
35763;1;M;1;1;1;1;1;1;0;0;0;0;0;1;0;1;1;0;0;0;1;0;3;;0,95;A;2023;8;13;491,27;0
35784;1;M;1;1;0;0;0;0;0;0;0;0;0;0;0;1;1;0;0;0;1;0;7;;0,50;A;2023;8;3;440,42;0
35851;3;M;1;1;1;1;1;1;0;0;0;0;0;1;0;1;1;0;0;0;1;0;3;;0,80;M;2024;5;15;286,57;0
35851;1;M;1;1;1;1;1;1;1;0;0;0;0;1;0;1;1;0;0;0;1;0;4;;0,80;M;2023;8;14;298,44;0
35851;2;M;1;1;1;1;1;1;0;0;0;0;0;1;0;1;1;0;0;0;1;0;4;;0,80;M;2024;4;21;245,86;0
35951;1;M;1;1;1;1;1;1;0;0;0;0;0;1;0;1;1;0;0;0;1;0;4;;0,76;M;2023;8;17;651,93;0
35991;2;M;1;1;1;1;1;1;1;0;0;0;0;1;0;1;1;0;0;0;1;0;3;;0,85;M;2024;3;2;982,83;0
35991;3;M;1;1;1;1;1;1;1;0;0;0;0;1;0;1;1;0;0;0;1;0;4;;0,76;M;2024;7;21;873,94;0
36060;1;M;1;1;1;1;1;1;0;0;0;0;0;1;0;1;1;0;0;0;1;0;3;;0,95;A;2023;8;18;591,43;0
36060;2;M;1;1;1;1;1;1;0;0;0;0;0;1;0;1;1;0;0;0;1;0;3;;1,00;A;2023;3;1;505,64;0
36069;1;M;1;1;1;1;1;1;1;0;0;0;0;0;0;1;1;0;0;0;1;0;4;;0,50;M;2023;8;7;623,87;0
36074;1;M;1;1;1;1;1;1;1;0;0;0;0;1;0;1;1;0;0;0;1;0;7;;0,50;M;2023;8;18;666,21;0
36113;2;M;1;1;1;1;1;1;1;0;0;0;0;1;0;1;1;0;0;0;1;0;5;;0,68;M;2023;9;20;483,19;0
36113;3;M;1;1;0;0;0;0;0;0;0;0;0;0;0;1;1;0;0;0;0;0;0;;1,00;M;2023;9;20;79,12;0
36194;1;M;1;1;1;1;1;1;1;0;0;0;0;1;0;1;1;0;1;1;1;0;7;;0,50;M;2023;8;22;601,59;0
36300;1;M;1;1;0;0;0;0;0;0;0;0;0;0;0;1;1;0;0;0;1;0;3;;0,76;A;2023;8;20;269,87;0
36390;2;M;1;1;0;0;0;0;0;0;0;0;0;0;0;1;1;0;0;0;1;0;5;N;0,50;M;2024;9;29;358,14;0
36409;1;M;1;1;1;1;1;1;1;0;0;0;0;1;0;1;1;0;0;0;1;0;6;;0,64;M;2023;8;21;898,54;0
36525;3;M;1;1;1;1;1;1;1;0;0;0;0;1;0;1;1;0;0;0;1;0;4;;0,58;M;2024;2;9;719,60;0
36525;1;M;1;1;1;1;1;1;1;0;0;0;0;1;0;1;1;0;0;0;1;0;7;;0,50;M;2023;8;22;341,94;0
36525;4;M;1;1;0;0;0;0;0;0;0;0;0;0;0;1;1;0;0;0;1;0;3;;0,50;M;2024;6;12;292,46;0
36526;1;M;1;1;1;1;1;1;1;0;0;0;0;1;0;1;1;0;0;0;1;0;7;;0,50;A;2023;8;22;343,00;0
36545;2;M;1;1;0;0;0;0;0;0;0;0;0;0;0;1;1;0;0;0;1;0;4;;0,80;M;2023;8;24;212,96;0
36545;1;M;1;1;1;1;1;1;0;0;0;0;0;1;0;1;1;0;0;0;1;0;4;;0,76;M;2023;8;24;475,82;0
36616;1;M;1;1;1;1;1;1;0;0;0;0;0;1;0;1;1;0;0;0;1;0;7;;0,50;M;2023;8;24;219,49;0
36626;1;C;1;1;0;0;0;0;0;0;1;0;0;0;0;1;1;0;0;0;0;0;0;;0,90;M;2023;8;24;363,98;0
36630;1;M;1;1;1;1;1;1;1;0;0;0;0;1;0;1;1;0;1;1;1;0;3;N;0,80;A;2023;8;25;713,98;0
36665;1;M;1;1;0;0;0;0;0;0;0;0;0;0;0;1;1;0;0;0;1;0;3;;0,90;A;2023;8;25;769,88;0
36731;2;M;1;1;1;1;1;0;0;0;0;0;0;1;0;1;1;0;0;0;0;0;3;;1,00;S;2024;12;18;163,32;0
36731;1;M;1;1;1;1;1;1;0;0;0;0;0;1;0;1;1;0;0;0;1;0;5;;0,68;S;2023;9;28;591,14;0
36733;3;M;1;1;0;0;0;0;0;0;0;0;0;0;0;1;1;0;0;0;1;0;3;;1,00;M;2024;4;11;62,36;0
36733;2;M;1;1;0;0;0;0;0;0;0;0;0;0;0;1;1;0;0;0;1;0;3;;1,00;M;2023;11;4;74,36;0
36733;1;M;1;1;0;0;0;0;0;0;0;0;0;0;0;1;1;0;0;0;1;0;3;;1,00;M;2023;8;25;143,32;0
36733;4;M;1;1;0;0;0;0;0;0;0;0;0;0;0;1;1;0;0;0;1;0;3;;1,00;M;2024;4;25;72,27;0
36788;1;M;1;1;1;1;0;1;1;0;0;0;0;0;0;1;1;0;0;0;1;0;1;;0,95;A;2023;8;20;574,20;0
36802;1;M;1;1;0;0;0;0;0;0;0;0;0;0;0;1;1;0;0;0;0;0;0;;1,00;A;2023;8;30;105,01;3
36802;2;M;1;1;1;1;1;1;1;0;0;0;0;1;0;1;1;0;0;0;1;0;3;;0,60;A;2023;10;31;515,83;0
36818;1;M;1;1;1;1;1;1;1;0;0;0;0;1;0;1;1;0;1;1;1;0;5;;0,54;A;2023;8;26;518,81;0
36828;1;M;1;1;1;1;1;1;1;0;0;0;0;1;0;1;1;0;0;0;1;0;3;;0,90;S;2023;8;27;658,05;0
36858;1;M;1;1;1;1;1;1;0;0;0;0;0;1;0;1;1;0;0;0;1;0;4;;0,50;A;2023;8;27;463,33;0
36915;1;M;1;1;0;0;0;0;0;0;0;0;0;0;0;1;1;0;0;0;1;0;6;;0,57;A;2023;8;28;367,36;0
37008;4;M;1;1;1;1;1;1;1;0;0;0;0;1;0;1;1;0;0;0;1;0;6;;0,60;M;2024;9;16;836,51;0
37008;1;M;1;1;1;1;1;1;1;0;0;0;0;1;0;1;1;0;1;1;1;0;6;;0,50;M;2023;8;28;344,05;0
37130;1;M;1;1;1;1;1;1;0;0;0;0;0;1;0;1;1;0;0;0;1;0;3;;0,60;M;2023;8;29;570,92;0
37145;1;M;1;1;1;1;1;1;0;0;0;0;0;1;0;1;1;0;0;0;1;0;1;;0,95;A;2023;8;29;772,95;0
37150;2;M;1;1;1;1;1;1;0;0;0;0;0;1;0;1;1;0;0;0;1;0;6;;0,57;M;2024;8;8;699,15;0
37163;1;M;1;1;1;1;1;1;0;0;0;0;0;1;0;1;1;0;0;0;1;0;3;;0,50;A;2023;8;29;460,39;0
37185;1;M;1;1;1;1;1;1;0;0;0;0;0;1;0;1;1;0;0;0;1;0;0;;1,00;A;2023;8;29;657,35;0
37240;1;M;1;1;1;1;1;1;0;0;0;0;0;1;0;1;1;0;0;0;1;0;4;;0,72;M;2023;8;31;846,43;0
37240;2;M;1;1;0;0;0;0;0;0;0;0;0;0;0;1;1;0;0;0;0;0;0;;1,00;M;2024;7;27;118,20;3
37267;1;M;1;1;1;1;1;1;1;0;0;0;0;1;0;1;1;0;0;0;1;0;4;;0,76;M;2023;8;1;652,41;0
37429;1;M;1;1;1;1;1;1;1;0;0;0;0;0;0;1;1;0;0;0;1;0;3;;1,00;A;2023;9;3;776,41;1
37455;1;M;1;1;1;1;1;1;1;0;0;0;0;1;0;1;1;0;0;0;1;0;1;;0,95;M;2023;9;2;1106,02;0
37455;2;M;1;1;1;1;1;1;1;0;0;0;0;1;0;1;1;0;0;0;1;0;3;;0,80;M;2024;5;2;1386,80;0
37459;1;M;1;1;1;1;1;1;1;0;0;0;0;1;0;1;1;0;1;1;1;0;5;;0,60;M;2023;9;5;788,49;0
37505;2;M;1;1;1;1;1;0;1;0;0;0;0;1;0;1;1;0;0;0;0;0;3;;1,00;A;2023;10;5;130,99;0
37505;4;M;1;1;1;1;1;1;1;0;0;0;0;1;0;1;1;0;0;0;1;0;7;;0,50;A;2024;12;6;323,69;0
37505;3;M;1;1;1;1;1;0;1;0;0;0;0;1;0;1;1;0;0;0;0;0;3;;1,00;A;2024;12;6;149,87;0
37525;1;M;1;1;1;1;1;1;1;0;0;0;0;1;0;1;1;0;0;0;1;0;3;;0,90;A;2023;9;3;1484,25;0
37558;1;M;1;1;1;1;1;1;0;0;0;0;0;1;0;1;1;0;0;0;1;0;3;;0,85;M;2023;9;4;658,68;0
37600;1;M;1;1;1;1;1;1;1;0;0;0;0;0;0;1;1;0;0;0;1;0;7;;0,50;A;2023;9;4;1487,28;1
37677;3;M;1;1;1;1;1;1;0;0;0;0;0;1;0;1;1;0;0;0;1;0;3;;0,76;M;2024;6;21;326,35;0
37761;1;M;1;1;1;1;1;1;1;0;0;0;0;0;0;1;1;0;1;1;1;0;7;;0,50;M;2023;9;5;995,55;1
37798;1;C;1;1;0;0;0;0;0;0;1;0;0;0;0;1;1;0;0;0;0;0;0;;0,90;M;2023;9;7;342,15;0
37826;1;C;1;1;0;0;0;0;0;0;1;0;0;0;0;1;1;0;0;0;0;0;0;;0,90;M;2023;9;6;337,59;0
37826;2;M;1;1;0;0;0;0;0;0;0;0;0;0;0;1;1;0;0;0;1;0;3;;0,85;M;2024;12;14;836,97;0
37931;1;M;1;1;0;0;0;0;0;0;0;0;0;0;0;1;1;0;0;0;1;0;4;;0,80;M;2023;9;8;441,69;0
37941;1;M;1;1;0;0;0;0;0;0;0;0;0;0;0;1;1;0;0;0;0;0;3;;1,00;A;2023;9;8;74,18;0
37966;1;M;1;1;1;1;1;1;0;0;0;0;0;1;0;1;1;0;0;0;1;0;6;;0,54;M;2023;9;8;200,17;0
37980;3;M;1;1;1;1;1;1;1;0;0;0;0;1;0;1;1;0;0;0;1;0;4;;0,72;M;2024;11;22;808,43;0
37983;2;M;1;1;0;0;0;0;0;0;0;0;0;0;0;1;1;0;0;0;1;0;3;;0,95;S;2024;9;29;322,44;0
37997;1;M;1;1;1;1;1;1;0;0;0;0;0;1;0;1;1;0;0;0;1;0;1;;0,95;A;2023;9;9;788,60;0
38026;1;M;1;1;1;1;1;1;1;0;0;0;0;1;0;1;1;0;0;0;1;0;6;;0,51;M;2023;9;9;1012,61;0
38026;2;M;1;1;0;0;0;0;0;0;0;0;0;0;0;1;1;0;0;0;1;0;3;;0,76;M;2024;3;2;853,75;0
38062;1;C;1;1;0;0;0;0;0;0;1;0;0;0;0;1;1;0;0;0;0;0;0;;1,00;A;2023;9;9;463,88;0
38073;2;M;1;1;0;0;0;0;0;0;0;0;0;0;0;1;1;0;0;0;0;0;3;;1,00;A;2024;1;10;58,77;0
38073;1;M;1;1;0;0;0;0;0;0;0;0;0;0;0;1;1;0;0;0;0;0;3;;1,00;A;2023;9;9;57,33;0
38073;3;M;1;1;1;1;1;1;1;0;0;0;0;1;0;1;1;0;0;0;1;0;7;;0,50;A;2024;3;28;331,01;0
38121;1;M;1;1;1;1;1;0;1;0;0;0;0;1;0;1;1;0;0;0;1;0;3;;1,00;A;2023;9;11;194,11;0
38123;1;M;1;1;1;1;1;1;1;0;0;0;0;1;0;1;1;0;0;0;1;0;7;;0,50;M;2023;9;10;849,50;0
38134;1;M;1;1;1;1;1;1;1;0;0;0;0;1;0;1;1;0;0;0;1;0;4;N;0,60;A;2023;9;12;813,54;0
38135;1;M;1;1;1;1;1;1;1;0;0;0;0;1;1;1;1;0;0;0;1;0;4;;0,63;M;2023;9;10;611,87;0
38140;1;C;1;1;0;0;0;0;0;0;1;0;0;0;0;1;1;0;0;0;0;0;0;;0,90;M;2023;9;10;363,98;0
38164;1;M;1;1;0;0;0;0;0;0;0;0;0;0;0;1;1;0;0;0;1;0;7;;0,50;A;2023;9;10;412,52;0
38186;1;M;1;1;0;0;0;0;0;0;0;0;0;0;0;1;1;0;0;0;0;0;0;;1,00;A;2023;9;10;53,65;0
38230;1;M;1;1;0;0;0;0;0;0;0;0;0;0;0;1;1;0;0;0;1;0;3;;0,90;A;2023;9;20;407,63;0
38332;1;M;1;1;0;0;0;0;0;0;0;0;0;0;0;1;1;0;0;0;1;0;3;;0,90;M;2023;9;12;1230,62;0
38333;1;M;1;1;1;1;1;0;0;0;0;0;0;1;0;1;1;0;0;0;0;0;0;;1,00;M;2023;9;11;197,08;0
38376;1;M;1;1;1;1;1;1;0;0;0;0;0;1;0;1;1;0;0;0;1;0;3;;0,95;M;2023;9;12;71,79;0
38500;1;M;1;1;1;1;1;1;1;0;0;0;0;1;0;1;1;0;0;0;1;0;6;;0,60;A;2023;9;14;868,28;0
38585;1;M;1;1;1;1;1;1;1;0;0;0;0;1;0;1;1;0;0;0;1;0;5;N;0,54;M;2023;9;15;434,49;0
38624;1;M;1;1;1;1;1;1;1;0;0;0;0;1;0;1;1;0;0;0;1;0;7;;0,50;A;2023;9;15;579,45;0
38656;1;M;1;1;0;0;0;0;0;0;0;0;0;0;0;1;1;0;0;0;1;0;3;N;0,76;A;2023;9;16;477,75;0
38677;1;M;1;1;1;1;1;1;0;0;0;0;0;1;0;1;1;0;0;0;1;0;6;;0,64;A;2023;10;19;627,62;0
38750;1;M;1;1;1;1;1;1;0;0;0;0;0;1;0;1;1;0;0;0;1;0;3;;0,85;M;2023;9;17;526,44;0
38769;1;M;1;1;1;1;1;1;1;0;0;0;0;1;0;1;1;0;0;0;1;0;7;;0,50;M;2023;9;17;898,18;0
38794;1;M;1;1;1;1;1;1;1;0;0;0;0;1;0;1;1;0;0;0;1;0;7;;0,50;A;2023;9;18;619,59;0
38794;2;M;1;1;1;1;1;1;1;0;0;0;0;1;0;1;1;0;0;0;1;0;7;;0,50;A;2024;12;17;564,32;0
38810;2;M;1;1;1;1;1;1;1;0;0;0;0;1;0;1;1;0;0;0;1;0;7;;0,50;M;2023;10;20;218,38;0
38810;4;M;1;1;1;1;1;1;1;0;0;0;0;1;0;1;1;0;0;0;1;0;7;;0,50;M;2024;7;4;456,68;0
38810;1;M;1;1;1;1;1;1;1;0;0;0;0;1;0;1;1;0;0;0;1;0;7;;0,50;M;2023;10;20;344,78;0
38867;1;M;1;1;0;0;0;0;0;0;0;0;0;0;0;1;1;0;0;0;1;0;3;;0,50;M;2023;9;18;422,69;0
38981;1;M;1;1;1;1;1;1;1;0;0;0;0;1;0;1;1;0;0;0;1;0;7;;0,50;A;2023;9;18;346,39;0
38990;1;M;1;1;0;0;0;0;0;0;0;0;0;0;0;1;1;0;0;0;1;0;4;;0,64;A;2023;9;19;655,21;0
39033;1;M;1;1;1;1;1;1;0;0;0;0;0;1;0;1;1;0;0;0;1;0;4;;0,68;M;2023;8;13;346,44;0
39121;1;M;1;1;1;1;1;1;0;0;0;0;0;1;0;1;1;0;0;0;1;0;6;;0,57;M;2023;9;22;557,53;0
39163;2;M;1;1;1;1;1;1;0;0;0;0;0;0;0;1;1;0;0;0;1;0;5;;0,68;M;2023;1;14;918,91;0
39216;1;M;1;1;0;0;0;0;0;0;0;0;0;0;0;1;1;0;0;0;1;0;7;;0,50;M;2023;10;1;325,99;0
39265;1;M;1;1;1;1;1;0;0;0;0;0;0;1;0;1;1;0;0;0;0;0;0;;1,00;M;2023;9;23;177,59;0
39330;1;M;1;1;1;1;1;1;1;0;0;0;0;1;0;1;1;0;0;0;1;0;7;;0,50;A;2023;9;25;718,35;0
39331;1;M;1;1;0;0;0;0;0;0;0;0;0;0;0;1;1;0;0;0;1;0;2;;0,95;A;2023;9;24;755,88;0
39334;1;M;1;1;1;1;1;1;1;0;0;0;0;1;0;1;1;0;0;0;1;0;5;;0,50;M;2023;9;24;549,10;0
39334;2;M;1;1;1;1;1;1;1;0;0;0;0;1;0;1;1;0;0;0;1;0;5;;0,50;M;2024;6;16;640,81;0
39423;1;C;1;1;0;0;0;0;0;0;1;0;0;0;0;1;1;0;0;0;0;0;0;;0,90;M;2023;10;13;346,78;0
39493;1;M;1;1;1;1;1;1;1;0;0;0;0;1;0;1;1;0;0;0;1;0;5;;0,60;M;2023;9;25;670,46;0
39511;1;M;1;1;0;0;0;0;0;0;0;0;0;0;0;1;1;0;0;0;1;0;3;;0,69;M;2023;9;27;281,05;0
39511;3;M;1;1;0;0;0;0;0;0;0;0;0;0;0;1;1;0;0;0;0;0;3;;1,00;M;2024;8;20;120,62;0
39511;2;M;1;1;0;0;0;0;0;0;0;0;0;0;0;1;1;0;0;0;1;0;4;;0,76;M;2023;9;27;347,75;0
39699;1;M;1;1;1;1;1;1;0;0;0;0;0;1;0;1;1;0;0;0;1;0;7;;0,50;M;2023;9;23;925,69;0
39745;1;M;1;1;0;0;0;0;0;0;0;0;0;0;0;1;1;0;0;0;1;0;6;;0,54;M;2023;9;29;570,67;0
39754;2;C;1;1;0;0;0;0;0;0;1;0;0;0;0;1;1;0;0;0;0;0;0;;1,00;M;2023;1;8;312,20;0
39754;1;M;1;1;0;0;0;0;0;0;0;0;0;0;0;1;1;0;0;0;1;0;3;;0,57;A;2023;11;1;250,94;0
39844;1;M;1;1;0;0;0;0;0;0;0;0;0;0;0;1;1;0;0;0;1;0;4;N;0,50;A;2023;10;3;395,04;0
39909;1;M;1;1;0;0;0;0;0;0;0;0;0;0;0;1;1;0;0;0;1;0;3;N;0,76;A;2023;9;30;948,46;0
39986;1;M;1;1;1;1;1;1;0;0;0;0;0;0;0;1;1;0;0;0;1;0;5;;0,50;A;2023;9;26;381,83;1
40206;1;M;1;1;1;1;1;1;0;0;0;0;0;1;0;1;1;0;0;0;1;0;6;;0,64;M;2023;10;6;806,50;0
40217;2;M;1;1;0;0;0;0;0;0;0;0;0;0;0;1;1;0;0;0;1;0;3;;0,50;M;2024;6;22;245,66;0
40224;1;M;1;1;1;1;1;1;0;0;0;0;0;1;0;1;1;0;0;0;1;0;4;;0,72;A;2023;10;5;725,46;0
40419;1;C;1;1;0;0;0;0;0;0;1;0;0;0;0;1;1;0;0;0;0;0;0;;1,00;A;2023;10;7;287,60;0
40457;1;M;1;1;0;0;0;0;0;0;0;0;0;0;0;1;1;0;0;0;1;0;1;;0,95;A;2023;10;8;622,67;0
40511;1;C;1;1;1;1;1;1;0;0;1;0;0;1;0;1;1;0;0;0;0;0;0;;1,00;A;2023;10;8;524,42;0
40556;2;M;1;1;1;1;1;1;1;0;0;0;0;1;0;1;1;0;0;0;1;0;7;;0,50;A;2023;10;12;405,03;0
40556;1;M;1;1;1;1;1;1;1;0;0;0;0;1;0;1;1;0;0;0;1;0;7;;0,50;A;2023;10;9;354,21;0
40591;1;M;1;1;1;1;1;1;1;0;0;0;0;1;0;1;1;0;0;0;1;0;7;;0,50;M;2023;10;10;928,52;0
40621;1;C;1;1;1;1;1;1;0;0;1;0;0;1;0;1;1;0;0;0;1;0;0;;0,95;A;2023;10;9;519,93;0
40632;1;C;1;1;1;1;1;1;1;0;1;0;0;1;0;1;1;0;0;0;0;0;0;;0,95;A;2023;10;9;996,06;0
40850;2;M;1;1;0;0;0;0;0;0;0;0;0;0;0;1;1;0;0;0;1;0;5;;0,68;A;2023;10;16;430,00;0
40850;4;M;1;1;0;0;0;0;0;0;0;0;0;0;0;1;1;0;0;0;0;0;3;;1,00;A;2024;4;9;58,77;0
40850;1;M;1;1;0;0;0;0;0;0;0;0;0;0;0;1;1;0;0;0;0;0;3;;1,00;A;2023;10;16;57,31;0
40991;1;M;1;1;0;0;0;0;0;0;0;0;0;0;0;1;1;0;0;0;1;0;4;N;0,50;A;2023;10;13;181,03;0
40999;1;M;1;1;1;1;1;1;0;0;0;0;0;1;0;1;1;0;0;0;1;0;3;;0,64;M;2023;10;14;624,03;0
41045;1;C;1;1;0;0;0;0;0;0;1;0;0;0;0;1;1;0;0;0;0;0;0;;1,00;A;2023;10;14;425,29;0
41115;1;M;1;1;1;1;1;1;0;0;0;0;0;1;0;1;1;0;0;0;1;0;5;;0,54;M;2023;10;15;432,22;0
41129;1;M;1;1;1;1;1;1;1;0;0;0;0;1;0;1;1;0;0;0;1;0;4;N;0,60;A;2023;10;15;1074,06;0
41234;1;M;1;1;1;1;1;1;1;0;0;0;0;1;0;1;1;0;0;0;1;0;5;;0,68;A;2023;11;21;349,17;0
41250;1;M;1;1;1;1;1;1;1;0;0;0;0;1;0;1;1;0;0;0;1;0;6;;0,71;M;2023;10;16;293,25;0
41265;1;M;1;1;1;1;1;1;0;0;0;0;0;1;0;1;1;0;0;0;1;0;7;;0,50;A;2023;10;20;490,96;0
41272;1;M;1;1;1;1;1;1;1;0;0;0;0;1;0;1;1;0;0;0;1;0;3;;0,50;M;2023;10;17;311,21;0
41306;4;M;1;1;1;1;1;1;0;0;0;0;0;1;0;1;1;0;0;0;1;0;3;;0,85;M;2024;9;29;507,59;0
41322;1;M;1;1;1;1;0;1;0;0;0;0;0;0;0;1;1;0;0;0;1;0;4;;0,64;M;2023;9;22;436,58;0
41346;1;C;1;1;0;0;0;0;0;0;1;0;0;0;0;1;1;0;0;0;0;0;0;;1,00;A;2023;10;16;399,63;0
41349;1;M;1;1;1;1;1;1;0;0;0;0;0;1;0;1;1;0;0;0;1;0;6;;0,60;M;2023;10;18;1032,18;0
41349;2;M;1;1;0;0;0;0;0;0;0;0;0;0;0;1;1;0;0;0;0;0;0;;1,00;M;2024;5;22;64,81;0
41406;1;M;1;1;1;1;1;1;0;0;0;0;0;1;0;1;1;0;0;0;1;0;1;;0,95;A;2023;10;20;864,43;0
41406;2;M;1;1;1;1;1;1;0;0;0;0;0;1;0;1;1;0;0;0;1;0;6;;0,60;A;2023;1;20;404,48;0
41414;1;M;1;1;1;1;1;1;1;0;0;0;0;1;0;1;1;0;0;0;1;0;7;;0,50;M;2023;10;17;737,38;0
41418;1;M;1;1;1;1;1;0;1;0;0;0;0;1;0;1;1;0;0;0;1;0;3;;1,00;A;2023;10;24;240,74;0
41454;1;M;1;1;1;1;1;1;0;0;0;0;0;1;0;1;1;0;0;0;1;0;4;;0,64;M;2023;10;20;318,26;0
41494;2;M;1;1;0;0;0;0;0;0;0;0;0;0;0;1;1;0;0;0;0;0;0;;1,00;M;2024;5;15;82,68;0
41494;1;M;1;1;0;0;0;0;0;0;0;0;0;0;0;1;1;0;0;0;1;0;3;;1,00;M;2023;10;21;133,75;0
41539;1;M;1;1;1;1;1;1;0;0;0;0;0;1;0;1;1;0;0;0;1;0;2;;0,90;A;2023;10;21;602,33;0
41547;1;M;1;1;1;1;1;1;1;0;0;0;0;1;0;1;1;0;0;0;1;0;7;;0,50;M;2023;11;1;679,88;0
41665;1;M;1;1;1;1;1;1;0;0;0;0;0;1;0;1;1;0;0;0;1;0;4;;0,54;M;2023;10;22;443,35;0
41705;3;C;1;1;1;1;1;1;1;0;1;0;0;0;0;1;1;0;0;0;0;0;0;;1,00;A;2024;9;12;674,41;1
41721;1;M;1;1;1;1;1;1;1;0;0;0;0;1;0;1;1;0;0;0;1;0;3;;0,90;M;2023;10;23;623,64;0
41721;2;M;1;1;1;1;1;1;0;0;0;0;0;1;0;1;1;0;0;0;1;0;2;;1,00;M;2024;1;25;558,06;0
41761;1;M;1;1;1;1;1;1;0;0;0;0;0;1;0;1;1;0;0;0;1;0;3;;0,64;M;2023;10;24;596,97;0
41855;1;M;1;1;1;1;1;1;1;0;0;0;0;1;0;1;1;0;0;0;1;0;4;;0,64;A;2023;10;28;509,09;0
41920;1;M;1;1;1;1;1;0;1;0;0;0;0;1;0;1;1;0;0;0;0;0;3;;1,00;A;2023;10;30;149,14;0
41920;2;M;1;1;1;1;1;1;1;0;0;0;0;1;0;1;1;0;0;0;1;0;7;;0,50;A;2024;5;19;438,80;0
41963;1;M;1;1;1;1;1;1;1;0;0;0;0;1;0;1;1;0;0;0;1;0;3;N;0,76;A;2023;10;27;854,94;0
41963;2;M;1;1;1;1;1;1;1;0;0;0;0;1;0;1;1;0;0;0;1;0;3;N;0,67;M;2024;8;16;1087,10;0
41984;1;M;1;1;1;1;1;1;1;0;0;0;0;1;0;1;1;0;0;0;1;0;4;;0,80;M;2023;10;30;989,47;0
42012;1;M;1;1;0;0;0;0;0;0;0;0;0;0;0;1;1;0;0;0;1;0;3;;0,64;A;2023;10;28;422,18;0
42179;1;M;1;1;1;1;1;0;0;0;0;0;0;1;0;1;1;0;1;0;0;0;0;;1,00;A;2023;10;30;207,80;0
42200;1;M;1;1;0;0;0;0;0;0;0;0;0;0;0;1;1;0;0;0;0;0;0;;1,00;A;2023;10;31;61,74;0
42200;3;M;1;1;0;0;0;0;0;0;0;0;0;0;0;1;1;0;0;0;0;0;0;;1,00;A;2024;5;5;59,35;0
42200;2;M;1;1;0;0;0;0;0;0;0;0;0;0;0;1;1;0;0;0;0;0;0;;1,00;A;2024;3;14;81,57;0
42207;1;M;1;1;0;0;0;0;0;0;0;0;0;0;0;1;1;0;0;0;1;0;3;;1,00;M;2023;10;30;133,75;0
42224;1;M;1;1;1;1;1;1;1;0;0;0;0;1;0;1;1;0;0;0;1;0;6;;0,50;A;2023;12;1;227,19;0
42224;3;M;1;1;1;1;1;1;1;0;0;0;0;1;0;1;1;0;1;1;1;0;7;;0,50;A;2024;5;19;496,70;0
42224;4;M;1;1;1;1;1;1;1;0;0;0;0;1;0;1;1;0;0;0;1;0;4;;0,76;A;2024;7;15;508,00;0
42273;1;M;1;1;0;0;0;0;0;0;0;0;0;0;0;1;1;0;0;0;1;0;7;;0,50;A;2023;10;31;494,53;0
42333;1;M;1;1;1;1;1;1;1;0;0;0;0;1;0;1;1;0;0;0;1;0;5;;0,68;A;2023;11;3;986,74;0
42396;1;M;1;1;0;0;0;0;0;0;0;0;0;0;0;1;1;0;0;0;1;0;7;;0,50;M;2024;1;1;262,84;0
42405;1;M;1;1;1;1;1;1;1;0;0;0;0;1;0;1;1;0;0;0;1;0;4;;0,50;M;2023;11;2;1092,39;0
42430;1;C;1;1;1;1;1;1;1;0;1;0;0;1;0;1;1;0;0;0;0;0;0;;1,00;M;2023;11;2;625,19;0
42440;1;M;1;1;1;1;1;1;0;0;0;0;0;1;0;1;1;0;0;0;1;0;5;;0,50;M;2023;11;7;827,65;0
42487;1;M;1;1;0;0;0;0;0;0;0;0;0;0;0;1;1;0;0;0;1;0;3;;1,06;M;2023;11;6;541,49;0
42519;1;M;1;1;0;0;0;0;0;0;0;0;0;0;0;1;1;0;0;0;1;0;3;N;0,80;M;2023;11;5;536,41;0
42519;2;M;1;1;0;0;0;0;0;0;0;0;0;0;0;1;1;0;0;0;1;0;6;;0,54;M;2024;5;20;959,84;0
42538;1;M;1;1;1;1;1;1;1;0;0;0;0;0;0;1;1;0;0;0;1;0;3;;1,00;A;2023;11;1;719,70;1
42546;1;M;1;1;1;1;1;1;1;0;0;0;0;1;0;1;1;0;0;0;1;0;7;;0,50;A;2023;11;4;350,44;0
42557;1;M;1;1;1;1;1;1;0;0;0;0;0;1;0;1;1;0;0;0;1;0;5;;0,72;M;2023;11;4;354,18;0
42557;2;M;1;1;1;1;1;1;0;0;0;0;0;1;0;1;1;0;0;0;1;0;6;;0,64;M;2024;7;21;447,46;0
42726;1;M;1;1;1;1;1;1;1;0;0;0;0;1;0;1;1;0;0;0;1;0;3;;0,50;M;2023;11;6;358,70;0
42736;1;C;1;1;0;0;0;0;0;0;1;0;0;0;0;1;1;0;0;0;0;0;0;;1,00;A;2023;12;1;310,93;0
42804;2;M;1;1;1;1;1;1;1;0;0;0;0;1;0;1;1;0;0;0;1;0;1;;0,90;A;2023;12;30;1073,43;0
42813;1;C;1;1;1;1;1;1;0;0;1;0;0;1;0;1;1;0;0;0;0;0;0;;1,00;A;2023;11;7;561,40;0
42883;1;M;1;1;0;0;0;0;0;0;0;0;0;0;0;1;1;0;0;0;1;0;7;;0,50;M;2023;11;8;236,24;0
42906;1;M;1;1;0;0;0;0;0;0;0;0;0;0;0;1;1;0;0;0;1;0;3;;1,00;A;2023;12;11;127,36;0
42917;2;M;1;1;1;1;1;1;0;0;0;0;0;1;0;1;1;0;0;0;1;0;7;;0,50;M;2023;11;9;259,46;0
42917;3;M;1;1;1;1;1;1;0;0;0;0;0;1;0;1;1;0;0;0;1;0;7;;0,50;M;2024;5;29;349,47;0
42983;1;M;1;1;1;1;1;1;1;0;0;0;0;0;1;1;1;0;1;1;1;0;5;;0,71;M;2024;1;1;899,67;1
43032;1;M;1;1;1;1;1;1;1;0;0;0;0;1;0;1;1;0;0;0;1;0;7;;0,50;M;2023;11;12;262,30;0
43032;2;M;1;1;1;1;1;1;0;0;0;0;0;1;0;1;1;0;0;0;1;0;7;;0,50;M;2024;12;14;167,97;0
43032;3;M;1;1;1;1;1;0;0;0;0;0;0;1;0;1;1;0;0;0;0;0;3;;1,00;M;2024;12;21;107,83;0
43062;1;M;1;1;0;0;0;0;0;0;0;0;0;0;0;1;1;0;0;0;1;0;7;;0,50;M;2023;11;11;289,57;0
43062;2;M;1;1;1;1;1;1;0;0;0;0;0;1;0;1;1;0;0;0;1;0;7;;0,50;M;2024;8;24;435,54;0
43062;3;M;1;1;1;1;1;1;0;0;0;0;0;1;0;1;1;0;0;0;1;0;7;;0,50;M;2023;3;16;531,58;0
43117;1;M;1;1;1;1;1;1;1;0;0;0;0;1;0;1;1;0;0;0;1;0;7;;0,50;M;2023;11;12;416,50;0
43134;1;M;1;1;1;1;1;1;1;0;0;0;0;1;0;1;1;0;0;0;1;0;4;;0,64;A;2023;11;19;962,33;0
43149;2;C;1;1;0;0;0;0;0;0;1;0;1;0;0;1;1;0;0;0;1;0;0;;0,95;A;2023;11;12;306,36;0
43149;4;M;1;1;0;0;0;0;0;0;0;0;0;0;0;1;1;0;0;0;1;0;0;;1,00;A;2024;12;28;149,04;0
43151;1;M;1;1;0;0;0;0;0;0;1;0;0;0;0;1;1;0;0;0;1;0;3;;1,12;M;2023;11;1;1630,56;1
43163;2;M;1;1;1;1;1;0;1;0;0;0;0;1;0;1;1;0;0;0;1;0;3;;1,00;M;2024;12;29;301,68;0
43163;1;M;1;1;1;1;1;1;0;0;0;0;0;1;0;1;1;0;1;0;1;0;5;;0,72;M;2023;11;13;1329,92;0
43220;1;C;1;1;0;0;0;0;0;0;1;0;0;0;0;1;1;0;0;0;1;0;0;;1,00;A;2023;11;13;430,65;0
43235;1;M;1;1;0;0;0;0;0;0;0;0;0;0;0;1;1;0;0;0;1;0;6;;0,60;M;2023;11;14;525,48;0
43324;2;M;1;1;1;1;1;1;1;0;0;0;0;1;0;1;1;0;1;1;1;0;5;;0,72;M;2024;3;17;1296,18;0
43344;1;M;1;1;1;1;1;1;1;0;0;0;0;1;0;1;1;0;0;0;1;0;3;N;0,72;A;2023;11;15;481,12;0
43386;1;M;1;1;1;1;1;1;1;0;0;0;0;1;0;1;1;0;0;0;1;0;2;;0,95;A;2023;11;13;1336,02;0
43401;1;M;1;1;1;1;1;1;0;0;0;0;0;1;0;1;1;0;0;0;1;0;3;;0,72;M;2023;11;14;698,77;0
43405;2;M;1;1;1;1;1;1;1;0;0;0;0;1;0;1;1;0;0;0;1;0;6;;0,60;M;2024;6;1;1052,34;0
43405;1;M;1;1;1;1;1;1;1;0;0;0;0;1;0;1;1;0;0;0;1;0;0;;1,00;M;2023;11;14;790,17;0
43482;1;M;1;1;1;1;1;1;1;0;0;0;0;1;0;1;1;0;0;0;1;0;7;;0,50;A;2023;11;14;500,06;0
43509;2;M;1;1;1;1;1;1;1;0;0;0;0;1;0;1;1;0;0;0;1;0;7;;0,50;A;2023;11;26;331,81;0
43509;3;M;1;1;1;1;1;1;1;0;0;0;0;1;0;1;1;0;0;0;1;0;7;;0,50;A;2024;4;1;361,73;0
43509;1;M;1;1;1;1;1;1;1;0;0;0;0;1;0;1;1;0;0;0;1;0;7;;0,50;A;2023;11;17;377,25;0
43584;1;M;1;1;1;1;1;1;0;0;0;0;0;1;0;1;1;0;0;0;1;0;6;;0,60;M;2023;11;22;582,47;0
43660;2;M;1;1;0;0;0;0;0;0;0;0;0;0;0;1;1;0;0;0;1;0;3;;1,12;A;2024;6;8;956,24;0
43660;1;M;1;1;1;1;1;1;1;0;0;0;0;1;0;1;1;0;0;0;1;0;4;;0,50;A;2023;11;19;649,13;0
43709;2;M;1;1;1;1;1;1;1;0;0;0;0;1;0;1;1;0;0;0;1;0;3;;0,72;M;2024;2;14;1299,11;0
43709;1;M;1;1;0;0;0;0;0;0;0;0;0;0;0;1;1;0;0;0;1;0;4;;0,60;M;2023;11;20;297,22;0
43775;1;C;1;1;0;0;0;0;0;0;1;0;0;0;0;1;1;0;0;0;0;0;0;;0,90;M;2023;11;21;332,91;0
43785;1;M;1;1;0;0;0;0;0;0;0;0;0;0;0;1;1;0;0;0;1;0;7;;0,50;M;2023;11;22;395,74;0
43876;1;M;1;1;1;1;1;1;0;0;0;0;0;1;0;1;1;0;0;0;1;0;3;N;0,76;A;2023;11;24;510,21;0
43913;1;C;1;1;0;0;0;0;0;0;1;0;0;0;0;1;1;0;0;0;0;0;0;;1,00;A;2023;11;18;439,04;0
44000;1;M;1;1;0;0;0;0;0;0;0;0;0;0;0;1;1;0;0;0;1;0;4;;0,72;M;2023;11;25;652,34;0
44014;4;M;1;1;0;0;0;0;0;0;0;0;0;0;0;1;1;0;0;0;1;0;6;;0,64;M;2024;12;13;154,21;0
44014;2;M;1;1;0;0;0;0;0;0;0;0;0;0;0;1;1;0;0;0;1;0;7;;0,50;M;2024;2;16;397,43;0
44014;5;M;1;1;0;0;0;0;0;0;0;0;0;0;0;1;1;0;0;0;1;0;6;;0,57;M;2023;1;26;174,91;0
44028;2;M;1;1;1;1;1;0;1;0;0;0;0;1;0;1;1;0;0;0;1;0;3;;1,00;M;2023;12;27;225,51;0
44028;1;M;1;1;1;1;1;0;0;0;0;0;0;1;0;1;1;0;0;0;0;0;0;;1,00;M;2023;12;27;200,02;0
44057;2;M;1;1;0;0;0;0;0;0;0;0;0;0;0;1;1;0;0;0;0;0;3;;1,00;A;2023;11;26;77,17;0
44057;3;M;1;1;1;1;1;1;0;0;0;0;0;1;0;1;1;0;0;0;1;0;4;;0,95;A;2024;6;24;318,41;0
44121;1;M;1;1;1;1;1;0;0;0;0;0;0;1;0;1;1;0;0;0;0;0;0;;1,00;A;2023;11;27;175,16;0
44204;1;M;1;1;1;1;1;1;0;0;0;0;0;1;0;1;1;0;0;0;1;0;2;;1,06;M;2023;11;28;1319,58;0
44204;2;M;1;1;1;1;1;1;0;0;0;0;0;1;0;1;1;0;0;0;1;0;4;;0,57;M;2024;4;9;699,80;0
44226;1;M;1;1;0;0;0;0;0;0;0;0;0;0;0;1;1;0;0;0;0;0;0;;1,00;A;2023;11;30;164,96;3
44226;2;M;1;1;1;1;1;1;0;0;0;0;0;1;0;1;1;0;0;0;1;0;3;;0,68;A;2024;5;26;695,19;0
44239;3;M;1;1;1;1;1;1;1;0;0;0;0;1;0;1;1;0;0;0;1;0;4;;0,76;M;2024;7;15;545,05;0
44389;1;M;1;1;1;1;1;1;0;0;0;0;0;1;0;1;1;0;0;0;1;0;2;;0,85;M;2023;12;1;1262,99;0
44396;1;M;1;1;1;1;1;1;0;0;0;0;0;1;0;1;1;0;0;0;1;0;7;;0,50;M;2023;12;2;319,80;0
44455;2;M;1;1;1;1;1;1;1;0;0;0;0;1;0;1;1;0;0;0;1;0;3;;0,85;A;2023;12;4;1058,62;0
44548;1;M;1;1;1;1;1;1;1;0;0;0;0;1;0;1;1;0;0;0;1;0;6;;0,54;M;2023;12;5;868,07;0
44617;1;M;1;1;1;1;1;1;1;0;0;0;0;1;0;1;1;0;0;0;1;0;1;;0,95;A;2023;12;4;528,03;0
44770;2;M;1;1;0;0;0;0;0;0;0;0;0;0;0;1;1;0;0;0;1;0;7;;0,50;M;2024;12;11;287,64;0
44770;1;M;1;1;1;1;1;1;0;0;0;0;0;1;0;1;1;0;0;0;1;0;7;;0,50;M;2023;12;5;362,67;0
44823;1;M;1;1;1;1;1;1;1;0;0;0;0;0;0;1;1;0;1;1;1;0;7;;0,50;M;2023;12;8;698,13;1
44845;1;M;1;1;1;1;1;1;1;0;0;0;0;1;0;1;1;0;0;0;1;0;4;;0,54;M;2023;12;12;603,77;0
44942;2;C;1;1;0;0;0;0;0;0;1;0;0;0;0;1;1;0;0;0;0;0;0;;1,00;A;2024;4;4;287,68;0
44959;1;M;1;1;1;1;1;1;0;0;0;0;0;1;0;1;1;0;0;0;1;0;4;;0,68;M;2023;12;10;489,75;0
44979;3;M;1;1;1;1;0;1;1;0;0;0;0;0;0;1;1;0;0;0;1;0;7;;0,50;M;2024;4;8;237,71;0
44979;5;M;1;1;1;1;1;1;1;0;0;0;0;0;0;1;1;0;0;0;1;0;7;;0,62;M;2023;2;12;279,33;0
44979;4;M;1;1;1;1;1;1;0;0;0;0;0;0;0;1;1;0;0;0;1;0;7;;0,50;M;2024;11;18;332,59;0
45014;1;M;1;1;0;0;0;0;0;0;0;0;0;0;0;1;1;0;0;0;1;0;1;;0,95;A;2023;12;10;377,71;0
45086;1;M;1;1;1;1;1;1;1;0;0;0;0;1;0;1;1;0;0;0;1;0;7;;0,50;M;2023;12;11;469,75;0
45121;1;M;1;1;1;1;1;1;0;0;0;0;0;1;0;1;1;0;0;0;1;0;2;;0,85;A;2023;12;11;869,47;0
45123;1;M;1;1;1;1;1;1;1;0;0;0;0;1;0;1;1;0;1;1;1;0;4;N;0,51;A;2023;12;12;603,15;0
45248;14;C;1;1;0;0;0;0;0;0;1;0;0;0;0;1;1;0;0;0;0;0;0;;1,00;M;2024;6;2;370,58;0
45248;11;M;1;1;0;0;0;0;0;0;0;0;0;0;0;1;1;0;0;0;1;0;0;;1,00;M;2024;7;2;462,89;0
45248;5;M;1;1;0;0;0;0;0;0;0;0;0;0;0;1;1;0;0;0;1;0;0;;1,00;M;2024;5;17;376,26;0
45248;8;C;1;1;0;0;0;0;0;0;1;0;0;0;0;1;1;0;0;0;0;0;0;;1,00;M;2024;7;20;413,65;0
45248;2;M;1;1;0;0;0;0;0;0;0;0;0;0;0;1;1;0;0;0;1;0;3;;1,00;M;2024;1;1;461,27;0
45248;1;M;0;0;0;0;0;0;0;0;0;0;0;0;0;0;0;1;0;0;0;0;3;;1,00;M;2024;1;1;64,30;0
45248;10;M;1;1;0;0;0;0;0;0;0;0;0;0;0;1;1;0;0;0;1;0;0;;1,00;M;2024;6;28;451,81;0
45248;15;M;0;0;0;0;0;0;0;0;0;0;0;0;0;0;0;1;0;0;0;0;3;;1,00;M;2024;7;3;71,79;0
45249;1;M;1;1;1;1;1;1;1;0;0;0;0;1;0;1;1;0;0;0;1;0;3;;0,85;A;2023;12;16;1863,13;0
45298;1;M;1;1;0;0;0;0;0;0;0;0;0;0;0;1;1;0;0;0;1;0;7;;0,50;A;2023;12;15;319,50;0
45362;1;M;1;1;0;0;0;0;0;0;0;0;0;0;0;1;1;0;0;0;1;0;4;;0,76;M;2023;12;16;433,89;0
45439;1;C;1;1;0;0;0;0;0;0;1;0;0;0;0;1;1;0;0;0;0;0;0;;0,95;A;2023;12;17;420,90;0
45443;2;M;1;1;0;0;0;0;0;0;0;0;0;0;0;1;1;0;0;0;1;0;6;;0,57;A;2024;2;25;242,64;0
45456;1;M;1;1;1;1;1;1;1;0;0;0;0;1;0;1;1;0;0;0;1;0;3;N;0,72;A;2023;12;20;468,08;0
45493;1;M;1;1;0;0;0;0;0;0;0;0;0;0;0;1;1;0;0;0;1;0;1;;0,95;A;2023;12;17;588,86;0
45521;2;M;1;1;1;1;1;1;1;0;0;0;0;1;0;1;1;0;0;0;1;0;3;;0,85;M;2024;1;15;1518,44;0
45521;1;M;1;1;1;1;1;0;1;0;0;0;0;1;0;1;1;0;0;0;1;0;3;;1,00;M;2023;12;17;291,74;0
45610;2;M;1;1;0;0;0;0;0;0;0;0;0;0;0;1;1;0;0;0;1;0;4;N;0,60;M;2024;9;7;442,50;0
45791;1;M;1;1;1;1;1;1;0;0;0;0;0;1;0;1;1;0;0;0;1;0;5;;0,64;A;2023;12;22;767,08;0
45821;1;M;1;1;0;0;0;0;0;0;0;0;0;0;0;1;1;0;0;0;1;0;4;;0,50;M;2023;12;22;218,41;0
45934;4;M;1;1;0;0;0;0;0;0;0;0;0;0;0;1;1;0;0;0;0;0;0;;1,00;M;2024;10;6;81,90;0
45934;3;M;1;1;1;1;1;0;0;0;0;0;0;1;0;1;1;0;0;0;0;0;0;;1,00;M;2024;6;30;157,64;0
46000;1;M;1;1;1;1;1;1;1;0;0;0;0;1;0;1;1;0;1;1;1;0;4;;0,76;M;2023;12;24;637,76;0
46008;1;M;1;1;0;0;0;0;0;0;0;0;0;0;0;1;1;0;0;0;0;0;0;;1,00;A;2024;1;1;71,82;0
46040;1;M;1;1;1;1;1;1;0;0;0;0;0;1;0;1;1;0;0;0;1;0;5;;0,50;A;2024;1;1;202,47;0
46076;2;M;1;1;1;1;1;1;1;0;0;0;0;1;0;1;1;0;1;1;1;0;4;;0,80;M;2024;3;12;944,00;0
46095;1;M;1;1;1;1;1;1;0;0;0;0;0;1;0;1;1;0;0;0;1;0;7;;0,50;M;2023;12;30;659,04;0
46152;3;M;1;1;1;1;1;0;0;0;0;0;0;1;0;1;1;0;0;0;0;0;0;;1,00;M;2023;2;28;254,54;0
46167;1;M;1;1;0;0;0;0;0;0;0;0;0;0;0;1;1;0;0;0;0;0;0;;1,00;A;2023;12;29;133,93;0
46197;1;M;1;1;0;0;0;0;0;0;0;0;0;0;0;1;1;0;0;0;1;0;7;;0,50;A;2023;12;29;366,87;0
46213;1;C;1;1;0;0;0;0;0;0;1;0;0;0;0;1;1;0;0;0;0;0;0;;1,00;A;2023;12;30;645,42;0
46217;1;M;1;1;1;1;1;1;0;0;0;0;0;1;0;1;1;0;0;0;1;0;7;;0,50;M;2024;1;11;311,29;0
46231;1;C;1;1;0;0;0;0;0;0;1;0;0;0;0;1;1;0;0;0;0;0;0;;0,90;M;2023;12;30;511,73;1
46273;2;M;1;1;1;1;1;1;1;0;0;0;0;1;0;1;1;0;0;0;1;0;3;;0,90;M;2024;8;4;1365,15;0
46273;1;M;1;1;0;0;0;0;0;0;0;0;0;0;0;1;1;0;0;0;1;0;0;;1,00;A;2023;12;30;1153,76;0
46298;5;M;1;1;1;1;1;1;1;0;0;0;0;1;0;1;1;0;0;0;1;0;7;;0,50;M;2024;1;23;778,50;0
46298;6;M;1;1;0;0;0;0;0;0;0;0;0;0;0;1;1;0;0;0;1;0;7;;0,50;M;2024;1;23;239,28;0
46298;4;M;1;1;1;1;1;1;1;0;0;0;0;1;0;1;1;0;0;0;1;0;7;;0,50;M;2024;1;23;598,69;0
46390;1;C;1;1;0;0;0;0;0;0;1;0;0;0;0;1;1;0;0;0;0;0;0;;1,00;A;2024;1;2;288,09;0
46409;2;M;1;1;0;0;0;0;0;0;0;0;0;0;0;1;1;0;0;0;1;0;3;;1,00;A;2024;2;1;132,67;0
46416;1;M;0;0;0;0;0;0;0;0;0;0;0;0;0;0;0;1;0;0;0;0;2;;0,90;A;2024;1;3;61,53;0
46521;1;M;1;1;1;1;1;1;0;0;0;0;0;1;0;1;1;0;0;0;1;0;3;;0,72;M;2024;1;6;372,71;0
46548;1;M;1;1;0;0;0;0;0;0;0;0;0;0;0;1;1;0;0;0;1;0;6;;0,60;A;2024;12;30;393,34;1
46557;1;M;1;1;0;0;0;0;0;0;0;0;0;0;0;1;1;0;0;0;1;0;7;;0,50;M;2024;1;6;299,34;0
46583;1;M;1;1;0;0;0;0;0;0;0;0;0;0;0;1;1;0;0;0;1;0;3;;0,51;A;2024;1;6;357,00;0
46609;1;M;1;1;1;1;1;0;1;0;0;0;0;1;0;1;1;0;0;0;0;0;3;;1,00;A;2024;2;8;297,98;0
46612;1;M;1;1;1;1;0;1;1;0;0;0;0;0;0;1;1;0;0;0;1;0;3;;0,50;A;2024;12;21;427,04;0
46617;3;M;1;1;0;0;0;0;0;0;0;0;0;0;0;1;1;0;0;0;1;0;3;;1,00;A;2024;5;17;52,28;0
46617;1;M;1;1;0;0;0;0;0;0;0;0;0;0;0;1;1;0;0;0;1;0;3;;1,00;A;2024;1;7;52,29;0
46617;2;M;1;1;0;0;0;0;0;0;0;0;0;0;0;1;1;0;0;0;1;0;3;;1,00;A;2024;2;10;52,29;0
46775;1;M;1;1;1;1;1;1;1;0;0;0;0;1;0;1;1;0;0;0;1;0;5;;0,68;M;2024;1;5;1893,23;0
46834;1;C;1;1;0;0;0;0;0;0;1;0;0;0;0;1;1;0;0;0;0;0;0;;0,90;A;2024;1;11;310,98;0
46891;1;C;1;1;0;0;0;0;0;0;1;0;0;0;0;1;1;0;0;0;0;0;0;;1,00;A;2024;1;8;316,88;0
46901;2;M;1;1;1;1;1;1;1;0;0;0;0;1;0;1;1;0;0;0;1;0;7;;0,50;M;2024;9;30;353,64;0
46901;1;M;1;1;1;1;1;1;0;0;0;0;0;1;0;1;1;0;0;0;1;0;7;;0,50;M;2024;1;9;234,94;0
46917;1;M;1;1;0;0;0;0;0;0;0;0;0;0;0;1;1;0;0;0;0;0;3;;1,00;M;2024;1;24;79,82;0
46972;1;M;1;1;0;0;0;0;0;0;0;0;0;0;0;1;1;0;0;0;1;0;2;;0,90;A;2024;1;12;314,38;0
47082;1;M;1;1;1;1;1;1;1;0;0;0;0;1;0;1;1;0;0;0;1;0;7;;0,50;A;2024;1;14;663,92;0
47091;3;C;1;1;0;0;0;0;0;0;1;0;0;0;0;1;1;0;0;0;0;0;0;;1,00;M;2024;3;20;293,90;0
47091;2;M;1;1;0;0;0;0;0;0;0;0;0;0;0;1;1;0;0;0;1;0;5;;0,72;M;2024;12;17;265,47;0
47091;1;M;1;1;1;1;1;1;0;0;0;0;0;1;0;1;1;0;0;0;1;0;4;;0,80;M;2024;1;14;430,62;0
47091;4;M;1;1;0;0;0;0;0;0;0;0;0;0;0;1;1;0;0;0;1;0;5;;0,72;M;2024;2;21;332,59;0
47179;1;M;1;1;0;0;0;0;0;0;0;0;0;0;0;1;1;0;0;0;0;0;0;;1,00;A;2024;1;16;125,76;0
47292;1;M;1;1;1;1;1;1;0;0;0;0;0;1;0;1;1;0;0;0;1;0;3;;1,18;A;2024;1;30;431,15;0
47378;1;M;1;1;1;1;1;1;1;0;0;0;0;1;0;1;1;0;0;0;1;0;7;;0,50;M;2024;1;19;443,21;0
47715;1;M;1;1;0;0;0;0;0;0;0;0;0;0;0;1;1;0;0;0;1;0;3;;0,80;A;2024;1;23;402,67;0
47788;1;M;1;1;1;1;1;1;0;0;0;0;0;0;0;1;1;0;0;0;1;0;7;;0,50;M;2024;1;25;514,31;1
47795;1;M;1;1;0;0;0;0;0;0;0;0;0;0;0;1;1;0;0;0;0;0;0;;1,00;M;2024;1;25;195,22;3
47795;3;M;1;1;0;0;0;0;0;0;0;0;0;0;0;1;1;0;0;0;1;0;4;;0,76;M;2024;2;3;978,46;0
47881;1;M;1;1;1;1;1;1;0;0;0;0;0;1;0;1;1;0;0;0;1;0;3;N;0,76;A;2024;1;28;700,46;0
47904;1;M;1;1;0;0;0;0;0;0;0;0;0;0;0;1;1;0;0;0;0;0;0;;1,00;A;2024;1;26;81,57;0
47918;1;M;1;1;1;1;1;1;0;0;0;0;0;1;0;1;1;0;0;0;1;0;7;;0,50;M;2024;1;27;255,57;0
47918;2;M;1;1;0;0;0;0;0;0;0;0;0;0;0;1;1;0;0;0;1;0;3;;0,90;M;2024;10;26;219,59;0
47936;1;M;1;1;1;1;1;0;1;0;0;0;0;1;0;1;1;0;0;0;1;0;3;;1,00;M;2024;1;30;177,59;0
48008;1;M;1;1;1;1;1;1;1;0;0;0;0;1;0;1;1;0;1;1;1;0;4;N;0,55;A;2024;2;1;1393,97;0
48027;2;M;1;1;0;0;0;0;0;0;0;0;0;0;0;1;1;0;0;0;1;0;5;;0,72;M;2024;10;18;612,65;0
48029;1;C;1;1;0;0;0;0;0;0;1;0;0;0;0;1;1;0;0;0;0;0;0;;1,00;A;2024;1;28;301,78;0
48038;1;M;1;1;0;0;0;0;0;0;0;0;0;0;0;1;1;0;0;0;0;0;0;;1,00;A;2024;3;1;109,29;0
48144;1;C;1;1;0;0;0;0;0;0;1;0;0;0;0;1;1;0;0;0;0;0;0;;0,95;A;2024;1;29;477,60;0
48164;1;M;1;1;1;1;1;1;1;0;0;0;0;1;0;1;1;0;1;1;1;0;7;;0,50;M;2024;1;30;653,17;0
48255;1;M;1;1;1;1;1;1;1;0;0;0;0;1;0;1;1;0;0;0;1;0;7;;0,50;A;2024;2;1;664,42;0
48313;1;M;1;1;1;1;1;1;0;0;0;0;0;1;0;1;1;0;0;0;1;0;2;;0,95;M;2024;2;2;376,53;0
48313;2;M;1;1;1;1;1;1;1;0;0;0;0;1;0;1;1;0;0;0;1;0;3;;0,85;M;2024;9;7;396,19;0
48329;1;M;1;1;1;1;1;1;0;0;0;0;0;1;0;1;1;0;0;0;1;0;4;;0,72;M;2024;2;6;373,12;0
48343;1;M;1;1;1;1;1;1;1;0;0;0;0;1;0;1;1;0;0;0;1;0;7;;0,50;M;2024;3;5;413,43;0
48343;2;M;1;1;0;0;0;0;0;0;0;0;0;0;0;1;1;0;0;0;0;0;0;;1,00;M;2024;3;5;166,09;3
48389;13;M;1;1;1;1;1;1;1;0;0;0;0;1;0;1;1;0;0;0;1;0;7;;0,50;M;2024;7;3;213,42;0
48389;2;M;1;1;1;1;1;1;1;0;0;0;0;1;0;1;1;0;0;0;1;0;7;;0,50;M;2024;3;1;305,29;0
48389;3;M;1;1;1;1;1;1;1;0;0;0;0;1;0;1;1;0;0;0;1;0;7;;0,50;M;2024;3;1;257,25;0
48389;10;C;1;1;1;1;1;1;1;0;1;0;1;1;0;1;1;0;0;0;1;0;0;;0,95;M;2024;7;30;454,71;0
48389;5;M;1;1;1;1;1;1;1;0;0;0;0;1;0;1;1;0;0;0;1;0;7;;0,50;M;2024;3;1;226,04;0
48389;8;M;1;1;1;1;1;0;0;0;0;0;0;1;0;1;1;0;0;0;1;0;3;;1,00;M;2024;3;1;95,73;0
48389;11;M;1;1;1;1;1;1;1;0;0;0;0;1;0;1;1;0;0;0;1;0;7;;0,50;M;2024;6;9;439,51;0
48389;1;M;1;1;1;1;1;1;1;0;0;0;0;1;0;1;1;0;0;0;1;0;7;;0,50;M;2024;3;1;506,83;0
48389;4;M;1;1;1;1;1;0;0;0;0;0;0;1;0;1;1;0;0;0;1;0;3;;1,00;M;2024;3;1;109,69;0
48389;7;M;1;1;1;1;1;0;0;0;0;0;0;1;0;1;1;0;0;0;1;0;3;;1,00;M;2024;3;1;164,31;0
48389;12;M;1;1;1;1;1;1;1;0;0;0;0;1;0;1;1;0;0;0;1;0;7;;0,50;M;2024;7;4;217,90;0
48389;14;M;1;1;1;1;1;1;1;0;0;0;0;1;0;1;1;0;0;0;1;0;7;;0,50;M;2024;8;31;279,73;0
48389;15;M;1;1;0;0;0;0;0;0;0;0;0;0;0;1;1;0;0;0;1;0;3;;1,00;M;2024;9;1;59,59;0
48519;2;M;1;1;0;0;0;0;0;0;0;0;0;0;0;1;1;0;0;0;1;0;6;;0,60;M;2024;3;13;562,35;0
48582;1;M;1;1;0;0;0;0;0;0;0;0;0;0;0;1;1;0;0;0;1;0;3;;1,00;A;2024;2;5;88,34;0
48582;4;M;1;1;0;0;0;0;0;0;0;0;0;0;0;1;1;0;0;0;1;0;3;;1,00;A;2024;2;5;88,34;0
48582;3;M;1;1;0;0;0;0;0;0;0;0;0;0;0;1;1;0;0;0;1;0;7;;0,50;M;2024;2;5;359,10;0
48672;1;M;1;1;1;1;1;1;0;0;0;0;0;1;0;1;1;0;0;0;1;0;3;;0,85;M;2024;2;6;580,55;0
48733;1;M;1;1;1;1;1;1;1;0;0;0;0;1;0;1;1;0;0;0;1;0;7;;0,50;M;2024;2;9;338,79;0
48740;3;M;1;1;0;0;0;0;0;0;0;0;0;0;0;1;1;0;0;0;1;0;3;;0,90;A;2024;2;19;502,24;0
48753;1;M;1;1;1;1;1;1;0;0;0;0;0;1;0;1;1;0;0;0;1;0;5;;0,68;M;2024;2;9;444,39;0
48777;1;M;1;1;0;0;0;0;0;0;0;0;0;0;0;1;1;0;0;0;1;0;5;;0,54;M;2024;2;9;547,41;0
48872;1;M;1;1;1;1;1;1;0;0;0;0;0;1;0;1;1;0;0;0;1;0;6;;0,60;M;2024;2;11;496,68;0
48881;1;M;1;1;1;1;1;1;0;0;0;0;0;1;0;1;1;0;0;0;1;0;2;;0,90;A;2024;2;10;413,02;0
48917;1;M;1;1;1;1;1;1;0;0;0;0;0;1;0;1;1;0;0;0;1;0;4;;0,50;A;2024;2;12;791,85;0
48922;1;M;1;1;0;0;0;0;0;0;0;0;0;0;0;1;1;0;0;0;1;0;0;;1,25;A;2024;2;11;1325,53;0
48983;2;M;1;1;1;1;1;1;1;0;0;0;0;1;0;1;1;0;0;0;1;0;7;;0,50;M;2024;2;8;758,94;0
48983;1;M;1;1;1;1;1;1;0;0;0;0;0;1;0;1;1;0;0;0;1;0;3;;0,72;M;2024;2;12;566,52;0
48991;1;M;1;1;1;1;1;1;0;0;0;0;0;1;0;1;1;0;0;0;1;0;5;;0,50;M;2024;2;13;543,20;0
48999;1;M;1;1;1;1;1;1;1;0;0;0;0;1;0;1;1;0;0;0;1;0;7;;0,50;A;2024;2;12;478,84;0
49014;1;M;1;1;1;1;1;0;0;0;0;0;0;1;0;1;1;0;0;0;0;0;0;;1,00;A;2024;2;12;168,97;0
49057;1;M;1;1;1;1;1;0;0;0;0;0;0;1;0;1;1;0;0;0;0;0;0;;1,00;A;2024;2;12;136,62;0
49087;1;M;1;1;1;1;1;1;0;0;0;0;0;1;0;1;1;0;0;0;1;0;3;;0,50;A;2024;2;13;244,91;0
49109;2;M;1;1;1;1;1;1;1;0;0;0;0;1;0;1;1;0;1;1;1;0;4;;0,54;M;2024;11;4;996,30;0
49118;1;M;1;1;1;1;1;1;1;0;0;0;0;1;0;1;1;0;0;0;1;0;7;;0,50;M;2024;2;15;243,92;0
49118;2;M;1;1;1;1;1;1;0;0;0;0;0;1;0;1;1;0;0;0;1;0;7;;0,50;M;2024;3;27;278,63;0
49149;1;M;1;1;1;1;1;0;0;0;0;0;0;1;0;1;1;0;0;0;0;0;0;;1,00;A;2024;2;14;156,91;0
49192;3;M;1;1;1;1;1;1;0;0;0;0;0;1;0;1;1;0;0;0;1;0;3;;0,90;M;2024;7;12;374,09;0
49226;1;M;1;1;1;1;1;1;1;0;0;0;0;1;0;1;1;0;0;0;1;0;7;;0,50;M;2024;2;19;575,13;0
49405;1;M;1;1;1;1;1;1;1;0;0;0;0;1;0;1;1;0;0;0;1;0;3;;0,80;M;2024;2;18;1180,29;0
49468;2;M;1;1;0;0;0;0;0;0;0;0;0;0;0;1;1;0;0;0;1;0;0;;1,00;A;2024;4;10;595,24;0
49468;3;M;1;1;1;1;1;1;0;0;0;0;0;1;0;1;1;0;1;0;1;0;4;;0,80;A;2024;10;28;868,12;0
49479;1;M;1;1;1;1;1;1;1;0;0;0;0;1;0;1;1;0;0;0;1;0;7;;0,50;M;2024;2;22;341,29;0
49508;1;M;1;1;0;0;0;0;0;0;0;0;0;0;0;1;1;0;0;0;1;0;3;;0,50;A;2024;2;22;224,49;0
49529;1;M;1;1;1;1;1;1;0;0;0;0;0;1;0;1;1;0;0;0;1;0;5;;0,54;M;2024;2;22;411,99;0
49537;3;M;1;1;0;0;0;0;0;0;0;0;0;0;0;1;1;0;0;0;1;0;3;;0,68;M;2024;7;8;464,62;0
49621;1;M;1;1;0;0;0;0;0;0;0;0;0;0;0;1;1;0;0;0;0;0;0;;1,00;A;2024;2;22;142,15;0
49655;1;M;0;0;1;0;0;0;0;0;0;0;0;0;0;0;0;1;0;0;0;0;7;;0,50;M;2024;2;20;3342,90;1
49708;3;M;1;1;1;1;1;1;1;0;0;0;0;1;0;1;1;0;0;0;1;0;7;;0,50;M;2024;3;9;481,50;0
49802;1;M;1;1;1;1;1;1;1;0;0;0;0;1;0;1;1;0;0;0;1;0;7;;0,50;M;2024;2;25;663,80;0
49822;1;M;1;1;1;1;1;1;0;0;0;0;0;1;0;1;1;0;0;0;1;0;7;;0,50;A;2024;2;28;261,78;0
49846;1;C;1;1;0;0;0;0;0;0;1;0;0;0;0;1;1;0;0;0;0;0;0;;1,00;A;2024;2;25;391,53;0
49930;2;M;1;1;1;1;1;1;0;0;0;0;0;1;0;1;1;0;0;0;1;0;7;;0,50;M;2024;4;15;511,08;0
49968;1;M;1;1;0;0;0;0;0;0;0;0;0;0;0;1;1;0;0;0;1;0;2;;1,00;A;2024;2;26;396,74;0
49979;1;C;1;1;1;1;1;1;1;0;1;0;0;1;0;1;1;0;0;0;0;0;0;;1,00;A;2024;2;27;906,88;0
50031;1;M;1;1;1;1;1;1;0;0;0;0;0;1;0;1;1;0;0;0;1;0;5;;0,64;M;2024;2;27;607,92;0
50050;1;M;1;1;0;0;0;0;0;0;0;0;0;0;0;1;1;0;0;0;0;0;0;;1,00;A;2024;2;29;179,22;3
50057;2;M;1;1;1;1;1;1;1;0;0;0;0;1;0;1;1;0;0;0;1;0;5;;0,57;M;2024;6;5;390,99;0
50059;1;M;1;1;1;1;1;1;1;0;0;0;0;1;0;1;1;0;0;0;1;0;7;;0,50;A;2024;2;27;307,33;0
50059;2;M;1;1;1;1;1;1;1;0;0;0;0;1;0;1;1;0;0;0;1;0;7;;0,50;A;2024;3;12;331,97;0
50059;5;M;1;1;1;1;1;0;0;0;0;0;0;1;0;1;1;0;0;0;1;0;3;;1,00;A;2024;6;25;145,77;0
50071;1;M;1;1;1;1;1;1;1;0;0;0;0;1;0;1;1;0;0;0;1;0;7;;0,50;A;2024;3;1;308,70;0
50153;1;M;1;1;1;1;1;1;1;0;0;0;0;1;0;1;1;0;0;0;1;0;4;;0,76;A;2024;3;1;359,40;0
50159;1;M;1;1;0;0;0;0;0;0;0;0;0;0;0;1;1;0;0;0;1;0;3;;0,85;M;2024;3;1;610,79;0
50190;1;M;1;1;1;1;1;0;0;0;0;0;0;1;0;1;1;0;0;0;0;0;0;;1,00;A;2024;3;1;275,36;0
50190;2;M;1;1;1;1;1;1;1;0;0;0;0;1;0;1;1;0;0;0;1;0;3;;0,50;A;2024;7;10;1175,09;0
50313;2;M;1;1;1;1;1;1;1;0;0;0;0;1;0;1;1;0;0;0;1;0;7;;0,50;M;2024;1;26;233,68;0
50313;1;M;1;1;1;1;1;1;0;0;0;0;0;1;0;1;1;0;0;0;1;0;3;;0,50;M;2024;3;3;270,20;0
50454;1;M;1;1;0;0;0;0;0;0;0;0;0;0;0;1;1;0;0;0;1;0;4;;0,80;M;2024;3;4;695,78;0
50522;1;M;1;1;1;1;1;1;1;0;0;0;0;1;0;1;1;0;0;0;1;0;7;;0,50;M;2024;3;5;468,91;0
50564;1;M;1;1;1;1;1;1;1;0;0;0;0;1;0;1;1;0;0;0;1;0;7;;0,50;M;2024;3;7;777,74;0
50581;1;M;1;1;0;0;0;0;0;0;0;0;0;0;0;1;1;0;0;0;1;0;7;;0,50;M;2024;3;7;575,83;0
50691;1;M;1;1;1;1;1;1;1;0;0;0;0;1;0;1;1;0;0;0;1;0;5;;0,54;M;2024;3;9;920,51;0
50693;1;M;1;1;0;0;0;0;0;0;0;0;0;0;0;1;1;0;0;0;1;0;6;;0,60;A;2024;3;8;303,73;0
50733;1;M;1;1;1;1;1;1;1;0;0;0;0;1;0;1;1;0;0;0;1;0;5;;0,55;M;2024;3;31;594,80;0
50833;3;M;1;1;1;1;1;0;0;0;0;0;0;1;0;1;1;0;0;0;0;0;0;;1,00;M;2024;4;11;137,27;0
50833;1;M;1;1;1;1;1;1;1;0;0;0;0;1;0;1;1;0;0;0;1;0;4;;0,50;M;2024;2;26;311,68;0
50833;2;M;1;1;1;1;1;0;0;0;0;0;0;1;0;1;1;0;0;0;0;0;0;;1,00;M;2024;3;14;168,38;0
50970;1;M;1;1;1;1;1;1;0;0;0;0;0;1;0;1;1;0;0;0;1;0;3;;0,76;A;2024;3;11;669,30;0
50994;1;M;1;1;1;1;1;1;1;0;0;0;0;1;0;1;1;0;0;0;1;0;5;;0,57;M;2024;3;11;654,27;0
51002;1;M;1;1;1;1;1;1;1;0;0;0;0;1;0;1;1;0;0;0;1;0;7;;0,50;A;2024;3;11;406,77;0
51037;3;M;1;1;1;1;1;1;0;0;0;0;0;1;0;1;1;0;0;0;1;0;6;;0,64;M;2024;5;11;357,71;0
51037;4;M;0;0;0;0;0;0;0;0;0;0;0;0;0;0;0;0;0;0;0;0;5;;0,90;M;2024;9;13;802,15;0
51037;6;M;1;1;0;0;0;0;0;0;0;0;0;0;0;1;1;0;0;0;1;0;4;;0,80;M;2024;11;15;278,49;0
51037;7;M;1;1;1;1;1;0;0;0;0;0;0;1;0;1;1;0;0;0;0;0;0;;1,00;M;2024;3;25;212,12;0
51037;8;M;1;1;1;1;1;1;0;0;0;0;0;1;0;1;1;0;0;0;1;0;5;;0,72;M;2024;3;25;534,39;0
51108;1;M;1;1;0;0;0;0;0;0;0;0;0;0;0;1;1;0;0;0;1;0;3;;0,95;A;2024;3;12;932,85;0
51273;1;M;1;1;1;1;1;1;0;0;0;0;0;1;0;1;1;0;0;0;1;0;0;;1,00;A;2024;3;15;1626,59;0
51286;1;M;1;1;0;0;0;0;0;0;0;0;0;0;0;1;1;0;0;0;1;0;0;;1,00;A;2024;3;15;2023,37;0
51305;2;M;1;1;1;1;1;1;1;0;0;0;0;1;0;1;1;0;0;0;1;0;3;;1,00;A;2024;6;25;629,02;0
51314;1;M;1;1;0;0;0;0;0;0;0;0;0;0;0;1;1;0;0;0;1;0;2;;1,00;A;2024;3;15;901,99;0
51334;1;M;0;0;0;0;0;0;0;0;0;0;0;0;0;0;0;1;0;0;0;0;4;;0,50;S;2024;3;21;269,92;0
51355;1;M;1;1;1;1;1;1;1;0;0;0;0;1;0;1;1;0;0;0;1;0;3;;0,50;S;2024;3;11;391,93;0
51420;1;M;1;1;1;1;1;1;1;0;0;0;0;1;0;1;1;0;0;0;1;0;7;;0,50;A;2024;3;18;585,85;0
51429;1;M;1;1;1;1;1;0;0;0;0;0;0;1;0;1;1;0;0;0;0;0;0;;1,00;A;2024;3;16;171,97;0
51470;1;M;1;1;0;0;0;0;0;0;0;0;0;0;0;1;1;0;0;0;1;0;6;;0,60;A;2024;3;19;733,59;0
51476;1;M;1;1;1;1;1;1;0;0;0;0;0;1;0;1;1;0;0;0;1;0;5;;0,72;A;2024;3;17;233,07;0
51509;4;M;1;1;1;1;1;1;1;0;0;0;0;1;0;1;1;0;0;0;1;0;3;;1,00;M;2024;6;24;497,66;0
51509;3;M;1;1;1;1;1;1;1;0;0;0;0;1;0;1;1;0;0;0;1;0;3;;1,00;M;2024;6;24;796,04;0
51520;2;M;1;1;0;0;0;0;0;0;0;0;0;0;0;1;1;0;0;0;1;0;3;;1,00;M;2024;3;27;133,75;0
51520;1;M;1;1;0;0;0;0;0;0;0;0;0;0;0;1;1;0;0;0;1;0;3;;0,68;M;2024;3;17;336,90;0
51520;4;M;1;1;1;1;1;1;1;0;0;0;0;1;0;1;1;0;0;0;1;0;7;;0,50;M;2024;12;1;629,55;0
51520;3;M;1;1;0;0;0;0;0;0;0;0;0;0;0;1;1;0;0;0;1;0;6;;0,57;M;2024;2;23;260,27;0
51556;1;M;1;1;1;1;1;1;0;0;0;0;0;1;0;1;1;0;0;0;1;0;3;;0,80;A;2024;3;18;366,63;0
51627;1;M;1;1;1;1;1;0;0;0;0;0;0;1;0;1;1;0;0;0;0;0;0;;1,00;M;2024;3;19;204,02;0
51734;2;M;1;1;1;1;1;1;1;0;0;0;0;1;0;1;1;0;0;0;1;0;4;;0,76;A;2024;1;16;718,39;0
51758;1;C;1;1;0;0;0;0;0;0;1;0;1;0;0;1;1;0;0;0;1;0;0;;1,00;A;2024;3;18;409,93;0
51771;1;M;1;1;1;1;1;1;1;0;0;0;0;1;0;1;1;0;0;0;1;0;4;;0,80;M;2024;3;20;1158,76;0
51796;1;M;1;1;1;1;1;1;0;0;0;0;0;1;0;1;1;0;0;0;1;0;1;;0,95;A;2024;3;21;582,17;0
51813;2;M;1;1;0;0;0;0;0;0;0;0;0;0;0;1;1;0;0;0;1;0;3;;0,76;M;2024;4;21;265,75;0
51947;1;M;1;1;1;1;1;1;1;0;0;0;0;1;0;1;1;0;0;0;1;0;4;N;0,55;A;2024;4;26;620,31;0
51947;2;M;1;1;0;0;0;0;0;0;0;0;0;0;0;1;1;0;0;0;0;0;3;;1,00;A;2024;7;9;74,48;0
51966;3;M;1;1;1;1;1;1;1;0;0;0;0;1;0;1;1;0;0;0;1;0;1;;0,90;M;2024;5;19;900,74;0
51966;1;M;1;1;1;1;1;1;1;0;0;0;0;1;0;1;1;0;0;0;1;0;4;;0,50;M;2024;3;23;661,56;0
51966;2;M;1;1;1;1;1;1;1;0;0;0;0;1;0;1;1;0;0;0;1;0;3;N;0,50;M;2024;4;11;457,58;0
51972;1;M;1;1;1;1;1;1;0;0;0;0;0;1;0;1;1;0;0;0;1;0;3;;0,85;M;2024;3;23;674,40;0
52043;4;M;1;1;1;1;1;1;0;0;0;0;0;1;0;1;1;0;0;0;1;0;3;;0,90;M;2024;9;1;453,29;0
52043;1;M;1;1;0;0;0;0;0;0;0;0;0;0;0;1;1;0;0;0;1;0;1;;0,90;M;2024;3;24;266,57;0
52043;3;M;1;1;0;0;0;0;0;0;0;0;0;0;0;1;1;0;0;0;1;0;4;;0,76;M;2024;3;6;339,14;0
52058;1;M;1;1;1;1;1;1;1;0;0;0;0;1;0;1;1;0;0;0;1;0;4;;0,50;A;2024;3;24;345,44;0
52103;1;M;1;1;1;1;1;1;1;0;0;0;0;1;0;1;1;0;0;0;1;0;7;;0,50;M;2024;3;24;845,73;0
52107;1;C;1;1;0;0;0;0;0;0;1;0;0;0;0;1;1;0;0;0;0;0;0;;1,00;A;2024;3;24;237,52;0
52133;1;M;1;1;0;0;0;0;0;0;0;0;0;0;0;1;1;0;0;0;1;0;7;;0,50;M;2024;3;25;268,75;0
52133;2;M;1;1;0;0;0;0;0;0;0;0;0;0;0;1;1;0;0;0;1;0;5;N;0,50;M;2024;8;10;160,17;0
52200;1;M;1;1;1;1;1;1;1;0;0;0;0;1;0;1;1;0;0;0;1;0;7;;0,50;M;2024;3;25;472,88;0
52207;1;M;1;1;1;1;1;1;0;0;0;0;0;1;0;1;1;0;0;0;1;0;4;;0,80;M;2024;3;25;727,50;0
52225;1;M;1;1;0;0;0;0;0;0;0;0;0;0;0;1;1;0;0;0;1;0;5;;0,72;M;2024;3;31;348,00;0
52261;2;M;1;1;1;1;1;1;1;0;0;0;0;1;0;1;1;0;0;0;1;0;4;;0,80;M;2024;3;16;1379,18;0
52266;1;M;1;1;1;1;1;1;1;0;0;0;0;1;0;1;1;0;0;0;1;0;7;;0,50;A;2024;3;26;764,76;0
52307;1;M;1;1;1;1;1;1;1;0;0;0;0;1;0;1;1;0;0;0;1;0;7;;0,50;M;2024;3;26;695,00;0
52343;2;M;1;1;0;0;0;0;0;0;0;0;0;0;0;1;1;0;0;0;0;0;0;;1,00;M;2024;3;26;130,35;0
52343;4;M;1;1;1;1;1;1;1;0;0;0;0;1;0;1;1;0;0;0;1;0;4;N;0,51;M;2024;2;10;339,18;0
52343;1;M;1;1;0;0;0;0;0;0;0;0;0;0;0;1;1;0;0;0;0;0;0;;1,00;M;2024;3;26;161,79;0
52343;3;M;1;1;0;0;0;0;0;0;0;0;0;0;0;1;1;0;0;0;0;0;0;;1,00;M;2024;3;26;174,43;0
52343;5;M;1;1;1;1;1;0;0;0;0;0;0;1;0;1;1;0;0;0;0;0;0;;1,00;M;2024;7;12;214,62;0
52351;1;M;1;1;1;1;1;1;0;0;0;0;0;1;0;1;1;0;0;0;1;0;3;;0,95;M;2024;3;26;743,61;0
52481;1;M;1;1;1;1;1;1;1;0;0;0;0;1;1;1;1;0;1;1;1;0;0;;1,00;A;2024;3;29;2289,60;0
52538;1;M;1;1;1;1;1;1;1;0;0;0;0;1;0;1;1;0;0;0;1;0;7;;0,50;M;2024;4;1;602,27;0
52571;1;M;1;1;1;1;1;1;1;0;0;0;0;1;0;1;1;0;0;0;1;0;3;;0,80;M;2024;3;30;587,72;0
52578;1;M;1;1;1;1;1;1;0;0;0;0;0;1;0;1;1;0;0;0;1;0;3;;0,64;M;2024;3;30;357,22;0
52603;1;C;0;0;0;0;0;0;0;0;0;0;0;0;0;0;0;1;0;0;0;0;0;;1,00;M;2024;3;30;64,30;0
52652;1;M;1;1;1;1;1;1;1;0;0;0;0;1;0;1;1;0;0;0;1;0;3;;0,55;A;2024;3;25;701,86;0
52655;1;M;1;1;0;0;0;0;0;0;0;0;0;0;0;1;1;0;0;0;1;0;5;;0,50;M;2024;4;1;359,44;0
52657;2;M;1;1;0;0;0;0;0;0;0;0;0;0;0;1;1;0;0;0;0;0;3;;1,00;A;2024;9;26;56,51;0
52657;3;M;1;1;0;0;0;0;0;0;0;0;0;0;0;1;1;0;0;0;0;0;3;;1,00;A;2024;9;27;56,51;0
52657;1;M;0;0;0;0;0;0;0;0;0;0;0;0;0;0;0;1;0;0;0;0;4;;0,50;A;2024;3;30;644,57;0
52657;4;M;0;0;0;0;0;0;0;0;0;0;0;0;0;0;0;1;0;0;0;0;4;;0,50;A;2024;2;23;378,71;0
52678;1;M;1;1;0;0;0;0;0;0;0;0;0;0;0;1;1;0;0;0;1;0;4;;0,50;A;2024;4;2;356,41;0
52698;1;C;1;1;0;0;0;0;0;0;1;0;0;0;0;1;1;0;0;0;0;0;0;;1,00;A;2024;4;1;412,55;0
52799;1;M;1;1;1;1;1;0;0;0;0;0;0;1;0;1;1;0;0;0;1;0;3;;1,00;M;2024;4;1;186,81;0
52805;1;M;1;1;0;0;0;0;0;0;0;0;0;0;0;1;1;0;0;0;1;0;3;;0,80;M;2024;4;1;522,13;0
52858;1;M;1;1;1;1;1;1;1;0;0;0;0;1;0;1;1;0;0;0;1;0;6;;0,64;M;2024;4;2;1100,02;0
52866;1;M;1;1;0;0;0;0;0;0;0;0;0;0;0;1;1;0;0;0;1;0;3;;0,85;A;2024;4;1;522,76;0
52869;1;M;1;1;1;1;1;1;1;0;0;0;0;1;0;1;1;0;0;0;1;0;5;;0,64;M;2024;4;1;731,66;0
52869;2;M;1;1;1;1;1;1;1;0;0;0;0;1;0;1;1;0;0;0;1;0;7;;0,50;M;2024;2;16;392,40;0
52943;4;C;1;1;1;1;1;1;1;0;1;0;0;0;0;1;1;0;0;0;0;0;0;;1,00;M;2024;3;17;616,06;1
52943;3;C;1;1;1;1;1;1;1;0;1;0;0;0;0;1;1;0;0;0;0;0;0;;1,00;M;2024;3;17;616,06;1
52971;1;M;1;1;0;0;0;0;0;0;0;0;0;0;0;1;1;0;0;0;0;0;0;;1,00;M;2024;4;1;204,08;3
53005;2;M;1;1;1;1;1;1;1;0;0;0;0;1;0;1;1;0;1;1;1;0;7;;0,50;M;2024;5;14;623,84;0
53005;4;M;1;1;0;0;0;0;0;0;0;0;0;0;0;1;1;0;0;0;1;0;7;;0,50;M;2024;7;23;392,16;0
53017;1;C;1;1;0;0;0;0;0;0;1;0;0;0;0;1;1;0;0;0;0;0;0;;0,90;A;2024;4;11;522,80;0
53041;1;M;1;1;1;1;1;1;1;0;0;0;0;1;0;1;1;0;0;0;1;0;3;;0,95;A;2024;4;2;1529,96;0
53089;1;C;1;1;1;1;1;1;1;0;1;0;0;0;0;1;1;0;0;0;0;0;0;;1,00;M;2024;3;17;868,63;1
53089;6;C;1;1;1;1;1;1;1;0;1;0;0;0;0;1;1;0;0;0;0;0;0;;1,00;M;2024;3;17;888,68;1
53089;25;M;1;1;1;1;1;1;1;0;0;0;0;0;0;1;1;0;0;0;1;0;0;;1,00;M;2024;7;7;1052,80;1
53089;7;C;1;1;1;1;1;1;1;0;1;0;0;0;0;1;1;0;0;0;0;0;0;;1,00;M;2024;3;17;888,68;1
53089;26;M;1;1;1;1;1;1;1;0;0;0;0;0;0;1;1;0;0;0;1;0;0;;1,00;M;2024;7;7;1052,80;1
53089;28;M;1;1;1;1;1;1;1;0;0;0;0;0;0;1;1;0;0;0;1;0;0;;1,00;M;2024;7;7;1052,80;1
53089;2;C;1;1;1;1;1;1;1;0;1;0;0;0;0;1;1;0;0;0;0;0;0;;1,00;M;2024;3;17;868,63;1
53089;3;C;1;1;1;1;1;1;1;0;1;0;0;0;0;1;1;0;0;0;0;0;0;;1,00;M;2024;3;17;868,63;1
53089;5;C;1;1;1;1;1;1;1;0;1;0;0;0;0;1;1;0;0;0;0;0;0;;1,00;M;2024;3;17;888,68;1
53089;8;C;1;1;1;1;1;1;1;0;1;0;0;0;0;1;1;0;0;0;0;0;0;;1,00;M;2024;3;17;888,68;1
53089;24;M;1;1;1;1;1;1;1;0;0;0;0;0;0;1;1;0;0;0;1;0;0;;1,00;M;2024;7;7;1052,80;1
53089;27;M;1;1;1;1;1;1;1;0;0;0;0;0;0;1;1;0;0;0;1;0;0;;1,00;M;2024;7;7;1052,80;1
53089;29;M;1;1;1;1;1;1;1;0;0;0;0;0;0;1;1;0;0;0;1;0;0;;1,00;M;2024;7;10;943,55;1
53097;1;M;1;1;0;0;0;0;0;0;0;0;0;0;0;1;1;0;0;0;0;0;0;;1,00;A;2024;4;6;88,21;0
53177;1;M;1;1;1;1;1;1;1;0;0;0;0;1;0;1;1;0;0;0;1;0;3;;0,90;M;2024;4;5;587,53;0
53184;2;M;1;1;1;1;1;1;0;0;0;0;0;1;0;1;1;0;0;0;1;0;7;;0,50;A;2024;6;16;222,76;0
53184;1;M;1;1;1;1;1;1;1;0;0;0;0;1;0;1;1;0;0;0;1;0;7;;0,50;A;2024;4;1;297,47;0
53196;1;M;1;1;1;1;1;1;1;0;0;0;0;1;0;1;1;0;0;0;1;0;3;N;0,76;A;2024;4;5;459,83;0
53332;1;M;1;1;0;0;0;0;0;0;0;0;0;0;0;1;1;0;0;0;1;0;5;;0,50;M;2024;4;8;304,03;0
53343;5;M;1;1;0;0;0;0;0;0;0;0;0;0;0;1;1;0;0;0;1;0;7;;0,50;A;2024;3;31;153,93;0
53343;2;M;1;1;0;0;0;0;0;0;0;0;0;0;0;1;1;0;0;0;0;0;3;;1,00;A;2024;5;8;79,03;0
53343;1;M;1;1;0;0;0;0;0;0;0;0;0;0;0;1;1;0;0;0;0;0;3;;1,00;A;2024;5;8;79,03;0
53343;3;M;1;1;0;0;0;0;0;0;0;0;0;0;0;1;1;0;0;0;0;0;3;;1,00;A;2024;5;8;79,03;0
53343;4;M;1;1;0;0;0;0;0;0;0;0;0;0;0;1;1;0;0;0;0;0;3;;1,00;A;2024;5;8;79,03;0
53353;1;M;1;1;0;0;0;0;0;0;0;0;0;0;0;1;1;0;0;0;1;0;5;;0,57;M;2024;4;6;308,94;0
53521;1;M;1;1;1;1;1;1;1;0;0;0;0;1;0;1;1;0;0;0;1;0;6;;0,50;M;2024;4;8;561,21;0
53564;1;M;1;1;1;1;1;0;1;0;0;0;0;1;0;1;1;0;0;0;0;0;3;;1,00;A;2024;4;8;118,06;0
53564;2;M;1;1;1;1;1;1;1;0;0;0;0;1;0;1;1;0;0;0;1;0;7;;0,50;A;2024;3;8;265,04;0
53564;3;M;1;1;0;0;0;0;0;0;0;0;0;0;0;1;1;0;0;0;0;0;3;;1,00;A;2024;3;8;57,02;0
53566;1;C;1;1;0;0;0;0;0;0;1;0;0;0;0;1;1;0;0;0;0;0;0;;0,95;M;2024;4;8;321,61;0
53645;1;M;1;1;1;1;1;1;0;0;0;0;0;1;0;1;1;0;0;0;1;0;2;;0,85;A;2024;4;9;356,62;0
53657;1;M;1;1;1;1;1;1;1;0;0;0;0;1;0;1;1;0;0;0;1;0;5;;0,60;M;2024;4;8;1119,31;0
53818;1;M;1;1;1;1;1;0;0;0;0;0;0;1;0;1;1;0;0;0;0;0;0;;1,00;M;2024;4;11;148,71;0
53996;1;M;1;1;1;1;1;1;1;0;0;0;0;1;0;1;1;0;1;1;1;0;4;N;0,55;A;2024;4;8;775,96;0
54029;1;M;1;1;0;0;0;0;0;0;0;0;0;0;0;1;1;0;0;0;0;0;3;;1,00;A;2024;5;15;76,06;0
54102;1;M;1;1;1;1;1;1;1;0;0;0;0;1;0;1;1;0;0;0;1;0;3;;0,57;A;2024;4;13;841,70;0
54200;1;M;1;1;1;1;1;1;0;0;0;0;0;1;0;1;1;0;0;0;1;0;6;;0,60;M;2024;4;14;880,71;0
54207;2;M;1;1;1;1;1;1;0;0;0;0;0;1;0;1;1;0;0;0;1;0;0;;1,00;A;2024;1;12;1083,80;0
54210;1;M;1;1;0;0;0;0;0;0;0;0;0;0;0;1;1;0;0;0;1;0;7;;0,50;M;2024;4;16;719,86;0
54211;1;M;1;1;1;1;1;1;0;0;0;0;0;1;0;1;1;0;0;0;1;0;7;;0,50;M;2024;5;17;678,25;0
54308;2;M;1;1;0;0;0;0;0;0;0;0;0;0;0;1;1;0;0;0;1;0;7;;0,50;A;2024;2;14;185,54;0
54308;1;M;1;1;1;1;1;1;0;0;0;0;0;1;0;1;1;0;0;0;1;0;7;;0,50;A;2024;4;15;238,95;0
54333;1;M;1;1;1;1;1;1;1;0;0;0;0;1;0;1;1;0;0;0;1;0;5;;0,60;M;2024;4;15;1509,34;0
54380;2;M;1;1;0;0;0;0;0;0;0;0;0;0;0;1;1;0;0;0;0;0;0;;1,00;M;2024;4;15;91,23;0
54380;4;M;1;1;0;0;0;0;0;0;0;0;0;0;0;1;1;0;0;0;0;0;0;;1,00;M;2024;7;9;79,12;0
54380;6;M;1;1;0;0;0;0;0;0;0;0;0;0;0;1;1;0;0;0;0;0;3;;1,00;M;2024;9;17;62,98;0
54380;7;M;1;1;1;1;1;0;0;0;0;0;0;1;0;1;1;0;0;0;0;0;3;;1,00;M;2024;10;13;95,48;0
54380;3;M;1;1;1;1;1;1;1;0;0;0;0;1;0;1;1;0;0;0;1;0;7;;0,50;M;2024;5;21;254,66;0
54380;8;M;1;1;0;0;0;0;0;0;0;0;0;0;0;1;1;0;0;0;0;0;3;;1,00;M;2024;11;22;60,54;0
54385;1;M;1;1;1;1;1;1;1;0;0;0;0;1;0;1;1;0;0;0;1;0;3;;0,60;A;2024;4;15;1051,32;0
54390;1;M;1;1;1;1;1;0;0;0;0;0;0;1;0;1;1;0;0;0;0;0;0;;1,00;A;2024;4;16;226,75;0
54390;2;M;1;1;1;1;1;1;1;0;0;0;0;1;0;1;1;0;0;0;1;0;4;;0,50;A;2024;3;30;654,93;0
54422;2;M;1;1;1;1;1;1;0;0;0;0;0;1;0;1;1;0;0;0;1;0;6;;0,50;M;2024;11;21;448,21;0
54468;1;M;1;1;1;1;1;1;1;0;0;0;0;1;1;1;1;0;0;0;1;0;3;;0,85;A;2024;4;18;1170,24;0
54490;2;M;1;1;1;1;1;1;0;0;0;0;0;1;0;1;1;0;0;0;1;0;7;;0,50;M;2024;3;23;273,51;0
54490;1;M;1;1;0;0;0;0;0;0;0;0;0;0;0;1;1;0;0;0;1;0;5;;0,54;M;2024;4;17;264,00;0
54504;1;M;1;1;1;1;1;1;0;0;0;0;0;1;0;1;1;0;0;0;1;0;4;N;0,50;M;2024;4;18;380,24;0
54515;1;M;1;1;1;1;1;1;0;0;0;0;0;1;0;1;1;0;0;0;1;0;0;;1,00;A;2024;4;15;439,23;0
54539;1;C;1;1;0;0;0;0;0;0;1;0;0;0;0;1;1;0;0;0;0;0;0;;1,00;A;2024;4;15;391,53;0
54558;1;M;1;1;1;1;1;1;1;0;0;0;0;1;0;1;1;0;0;0;1;0;3;;1,06;M;2024;4;19;733,86;0
54608;1;M;1;1;1;1;1;1;1;0;0;0;0;1;0;1;1;0;0;0;1;0;4;;0,76;M;2024;4;19;529,49;0
54608;2;M;1;1;1;1;1;1;1;0;0;0;0;1;0;1;1;0;0;0;1;0;3;;0,80;M;2024;5;28;639,35;0
54656;1;M;1;1;1;1;1;1;0;0;0;0;0;1;0;1;1;0;0;0;1;0;3;;1,25;M;2024;4;19;1441,62;0
54671;2;M;1;1;1;1;1;1;0;0;0;0;0;1;0;1;1;0;0;0;1;0;3;;0,95;M;2024;7;8;1081,73;0
54715;2;M;1;1;1;1;1;0;1;0;0;0;0;1;0;1;1;0;0;0;1;0;3;;1,00;A;2024;10;12;231,62;0
54731;1;C;1;1;0;0;0;0;0;0;1;0;0;0;0;1;1;0;0;0;0;0;0;;0,95;A;2024;4;19;509,02;0
54843;1;M;1;1;1;1;1;1;0;0;0;0;0;1;0;1;1;0;0;0;1;0;5;;0,64;M;2024;4;26;1055,15;0
54848;1;M;0;0;0;0;0;0;0;0;0;0;0;0;0;0;0;0;0;0;0;0;3;;0,76;A;2024;4;21;679,63;0
54888;1;M;1;1;1;1;1;1;0;0;0;0;0;1;0;1;1;0;0;0;1;0;3;;0,64;M;2024;4;21;491,40;0
54929;2;M;1;1;1;1;1;1;1;0;0;0;0;1;0;1;1;0;0;0;1;0;1;;1,00;M;2024;12;5;930,89;0
54929;1;C;1;1;1;1;1;1;0;0;1;0;0;1;0;1;1;0;0;0;0;0;0;;1,00;M;2024;4;23;396,00;0
54938;1;M;1;1;1;1;1;1;0;0;0;0;0;1;0;1;1;0;0;0;1;0;2;;0,85;A;2024;4;23;748,58;0
54961;1;M;1;1;1;1;1;1;0;0;0;0;0;1;0;1;1;0;0;0;1;0;4;;0,54;M;2024;4;18;455,12;0
54988;2;M;1;1;1;1;1;0;0;0;0;0;0;1;0;1;1;0;0;0;1;0;3;;1,00;M;2024;9;21;170,75;0
54988;4;M;1;1;0;0;0;0;0;0;0;0;0;0;0;1;1;0;0;0;1;0;3;;1,00;M;2024;8;29;117,06;0
54992;2;M;1;1;1;1;1;1;1;0;0;0;0;1;0;1;1;0;0;0;1;0;3;;0,90;M;2024;10;27;2054,97;0
55020;1;M;1;1;1;1;1;1;0;0;0;0;0;1;0;1;1;0;0;0;1;0;6;;0,60;M;2024;4;22;471,33;0
55025;1;M;1;1;1;1;1;1;1;0;0;0;0;1;0;1;1;0;0;0;1;0;4;N;0,57;A;2024;4;22;782,58;0
55132;1;M;1;1;1;1;1;1;1;0;0;0;0;1;0;1;1;0;0;0;1;0;5;;0,64;M;2024;4;23;589,53;0
55143;1;M;1;1;1;1;1;1;0;0;0;0;0;1;0;1;1;0;0;0;1;0;6;;0,50;M;2024;4;23;326,26;0
55208;1;M;1;1;1;1;1;1;0;0;0;0;0;1;0;1;1;0;0;0;1;0;3;;0,90;M;2024;4;23;418,59;0
55310;1;M;1;1;0;0;0;0;0;0;0;0;0;0;0;1;1;0;0;0;1;0;6;;0,50;M;2024;4;25;536,99;0
55362;1;C;1;1;0;0;0;0;0;0;1;0;0;0;0;1;1;0;0;0;0;0;0;;1,00;A;2024;4;26;391,53;0
55451;1;M;1;1;1;1;1;1;1;0;0;0;0;1;0;1;1;0;0;0;1;0;4;;0,64;A;2024;4;27;370,01;0
55503;2;M;1;1;1;1;1;1;1;0;0;0;0;1;0;1;1;0;0;0;1;0;5;;0,72;A;2024;10;28;1210,74;0
55508;1;M;1;1;1;1;1;1;1;0;0;0;0;1;0;1;1;0;0;0;1;0;2;;0,85;M;2024;4;30;1447,82;0
55546;1;M;1;1;1;1;1;1;1;0;0;0;0;1;0;1;1;0;0;0;1;0;6;;0,51;M;2024;5;1;376,65;0
55615;1;M;1;1;1;1;1;1;0;0;0;0;0;1;0;1;1;0;0;0;1;0;3;;0,90;M;2024;4;30;720,36;0
55615;2;M;1;1;1;1;1;1;0;0;0;0;0;1;0;1;1;0;0;0;1;0;5;;0,68;M;2024;1;30;877,24;0
55624;1;M;1;1;1;1;1;1;1;0;0;0;0;0;0;1;1;0;0;0;1;0;3;;0,50;M;2024;3;14;349,48;0
55653;1;M;1;1;0;0;0;0;0;0;0;0;0;0;0;1;1;0;0;0;1;0;4;N;0,50;A;2024;4;28;435,51;0
55655;1;M;1;1;1;1;1;1;1;0;0;0;0;1;0;1;1;0;0;0;1;0;1;;0,95;A;2024;4;28;426,40;0
55693;2;M;1;1;1;1;1;1;1;0;0;0;0;1;0;1;1;0;0;0;1;0;6;;0,50;M;2024;6;15;1541,61;0
55707;1;M;1;1;1;1;1;1;0;0;0;0;0;1;0;1;1;0;0;0;1;0;3;N;0,80;A;2024;4;28;382,81;0
55852;1;M;1;1;1;1;1;1;0;0;0;0;0;1;0;1;1;0;0;0;1;0;5;;0,68;M;2024;4;29;413,00;0
55909;1;M;1;1;1;1;1;1;0;0;0;0;0;1;0;1;1;0;0;0;1;0;2;;0,90;M;2024;4;30;1488,59;0
55947;1;M;1;1;1;1;1;1;0;0;0;0;0;1;0;1;1;0;0;0;1;0;3;;0,68;M;2024;4;30;670,03;0
55958;1;M;1;1;0;0;0;0;0;0;0;0;0;0;0;1;1;0;0;0;1;0;4;;0,64;M;2024;4;30;468,16;0
56044;3;M;1;1;1;1;1;0;0;0;0;0;0;1;0;1;1;0;0;0;1;0;3;;1,00;M;2024;6;7;166,40;0
56044;1;M;1;1;1;1;1;1;1;0;0;0;0;0;0;1;1;0;0;0;1;0;7;;0,50;M;2024;5;3;1319,97;1
56120;1;M;1;1;0;0;0;0;0;0;0;0;0;0;0;1;1;0;0;0;0;0;3;;1,00;A;2024;5;2;104,73;0
56143;1;M;1;1;0;0;0;0;0;0;0;0;0;0;0;1;1;0;0;0;1;0;4;;0,64;S;2024;5;3;338,20;0
56148;1;M;1;1;1;1;1;1;1;0;0;0;0;1;0;1;1;0;0;0;1;0;6;;0,50;M;2024;5;3;556,42;1
56201;2;M;1;1;1;1;1;1;1;0;0;0;0;1;0;1;1;0;0;0;1;0;7;;0,50;M;2024;11;29;1068,83;0
56232;1;M;1;1;1;1;1;1;1;0;0;0;0;1;0;1;1;0;0;0;1;0;2;;0,90;A;2024;5;1;898,70;0
56268;1;M;0;0;0;0;0;0;0;0;0;0;0;0;0;0;0;1;0;0;0;0;7;;0,50;M;2024;5;4;508,99;0
56280;1;M;1;1;1;1;1;1;0;0;0;0;0;1;0;1;1;0;0;0;1;0;5;;0,64;M;2024;5;4;749,51;0
56295;1;M;1;1;0;0;0;0;0;0;0;0;0;0;0;1;1;0;0;0;1;0;4;N;0,50;M;2024;5;4;302,96;0
56360;12;M;1;1;1;1;1;1;0;0;0;0;0;0;0;1;1;0;0;0;1;0;0;;1,00;M;2024;7;1;536,76;0
56360;4;C;1;1;0;0;0;0;0;0;1;0;0;0;0;1;1;0;0;0;0;0;0;;1,00;M;2024;5;10;413,65;0
56360;7;M;1;1;0;0;0;0;0;0;0;0;0;0;0;1;1;0;0;0;1;0;3;;1,00;M;2024;5;18;310,18;0
56360;3;M;1;1;0;0;0;0;0;0;0;0;0;0;0;1;1;0;0;0;1;0;3;;1,00;M;2024;5;10;357,43;0
56360;6;M;1;1;1;1;1;1;1;0;0;0;0;0;0;1;1;0;0;0;1;0;0;;1,00;M;2024;5;18;1539,14;0
56360;9;M;1;1;1;1;1;1;0;0;0;0;0;0;0;1;1;0;0;0;1;0;0;;1,00;M;2024;6;28;580,37;0
56360;10;M;1;1;1;1;1;1;1;0;0;0;0;0;0;1;1;0;0;0;1;0;;;1,00;M;2024;10;11;467,52;0
56360;1;M;0;0;0;0;0;0;0;0;0;0;0;0;0;0;0;0;0;0;0;0;3;;1,00;M;2024;5;2;570,23;0
56360;2;M;1;1;1;1;1;1;1;0;0;0;0;0;0;1;1;0;0;0;1;0;1;;1,00;M;2024;5;2;1546,93;0
56360;5;M;1;1;1;1;1;1;1;0;0;0;0;0;0;1;1;0;0;0;1;0;3;;1,00;M;2024;5;18;1227,34;0
56430;1;C;1;1;1;1;1;1;0;0;1;0;0;1;0;1;1;0;0;0;0;0;0;;0,90;M;2024;5;4;362,41;0
56432;2;M;1;1;1;1;1;0;1;0;0;0;0;1;0;1;1;0;0;0;0;0;3;;1,00;M;2024;8;1;183,98;0
56486;1;M;1;1;0;0;0;0;0;0;0;0;0;0;0;1;1;0;0;0;1;0;6;;0,60;M;2024;5;4;445,97;0
56507;1;M;1;1;1;1;1;1;0;0;0;0;0;1;0;1;1;0;0;0;1;0;3;;0,90;A;2024;5;4;567,89;0
56508;1;M;1;1;1;1;1;1;1;0;0;0;0;1;0;1;1;0;0;0;1;0;6;;0,51;M;2024;5;7;670,39;0
56508;2;M;1;1;0;0;0;0;0;0;0;0;0;0;0;1;1;0;0;0;0;0;0;;1,00;M;2024;8;8;195,22;3
56538;1;M;1;1;0;0;0;0;0;0;0;0;0;0;0;1;1;0;0;0;1;0;7;;0,50;A;2024;5;11;428,57;0
56547;1;M;1;1;1;1;1;1;0;0;0;0;0;1;0;1;1;0;0;0;1;0;3;;0,76;A;2024;5;6;404,06;0
56547;2;M;1;1;1;1;1;0;0;0;0;0;0;1;0;1;1;0;0;0;0;0;3;;1,00;A;2024;9;25;107,41;0
56585;1;M;1;1;0;0;0;0;0;0;0;0;0;0;0;1;1;0;0;0;1;0;7;;0,50;M;2024;5;6;324,80;0
56609;1;M;1;1;0;0;0;0;0;0;0;0;0;0;0;1;1;0;0;0;1;0;3;;0,67;A;2024;5;7;639,78;0
56630;1;M;1;1;0;0;0;0;0;0;0;0;0;0;0;1;1;0;0;0;1;0;4;;0,64;A;2024;5;6;874,94;0
56660;1;M;1;1;1;1;1;1;1;0;0;0;0;1;0;1;1;0;0;0;1;0;0;;1,00;M;2024;5;6;4242,57;0
56660;2;M;1;1;0;0;0;0;0;0;0;0;0;0;0;1;1;0;0;0;1;0;3;;0,80;A;2024;1;2;966,53;0
56677;1;M;1;1;1;1;1;1;1;0;0;0;0;1;0;1;1;0;0;0;1;0;4;;0,80;M;2024;5;7;1031,04;0
56692;1;M;1;1;1;1;1;1;0;0;0;0;0;1;0;1;1;0;0;0;1;0;3;N;0,76;M;2024;5;5;878,50;0
56696;2;M;1;1;1;1;1;1;0;0;0;0;0;1;0;1;1;0;0;0;1;0;2;;0,90;A;2024;2;11;382,40;0
56696;1;M;1;1;1;1;1;1;0;0;0;0;0;1;0;1;1;0;0;0;1;0;2;;0,90;A;2024;5;7;675,91;0
56699;1;M;1;1;1;1;1;1;0;0;0;0;0;1;0;1;1;0;0;0;1;0;5;;0,64;M;2024;5;7;587,47;0
56718;1;M;1;1;1;1;1;1;0;0;0;0;0;1;0;1;1;0;0;0;1;0;3;N;0,68;A;2024;5;7;753,47;0
56902;1;M;1;1;1;1;1;0;1;0;0;0;0;1;0;1;1;0;0;0;0;0;3;;1,00;A;2024;5;10;207,82;0
56960;2;M;1;1;1;1;1;1;1;0;0;0;0;1;0;1;1;0;0;0;1;0;4;;0,76;M;2024;7;29;1124,82;0
56992;1;M;1;1;1;1;1;1;1;0;0;0;0;1;0;1;1;0;0;0;1;0;6;;0,50;M;2024;5;12;668,28;0
56998;1;M;1;1;0;0;0;0;0;0;0;0;0;0;0;1;1;0;0;0;1;0;4;;0,76;A;2024;5;11;929,77;0
57116;1;M;1;1;1;1;1;1;0;0;0;0;0;1;0;1;1;0;0;0;1;0;5;;0,50;A;2024;5;12;288,43;0
57119;1;M;1;1;1;1;1;1;1;1;1;0;0;0;0;1;1;0;0;0;1;0;3;;0,63;A;2024;5;12;4511,69;1
57159;3;M;1;1;0;0;0;0;0;0;0;0;0;0;0;1;1;0;0;0;0;0;3;;1,00;A;2024;12;10;73,12;0
57159;1;M;1;1;1;1;1;1;0;0;0;0;0;1;0;1;1;0;0;0;1;0;7;;0,50;A;2024;5;13;525,17;0
57161;1;M;1;1;1;1;1;1;1;0;0;0;0;1;0;1;1;0;0;0;1;0;4;;0,50;M;2024;5;12;795,97;0
57224;1;M;1;1;0;0;0;0;0;0;0;0;0;0;0;1;1;0;0;0;1;0;5;;0,64;M;2024;5;19;305,79;0
57254;1;C;1;1;0;0;0;0;0;0;1;0;0;0;0;1;1;0;0;0;0;0;0;;0,95;M;2024;5;12;423,01;0
57364;1;M;1;1;0;0;0;0;0;0;0;0;0;0;0;1;1;0;0;0;1;0;7;;0,50;A;2024;5;11;251,73;0
57441;1;M;1;1;1;1;1;1;0;0;0;0;0;1;0;1;1;0;0;0;1;0;7;;0,50;A;2024;5;14;321,30;0
57450;1;M;1;1;1;1;1;1;0;0;0;0;0;1;0;1;1;0;0;0;1;0;3;N;0,68;M;2024;5;18;435,06;0
57502;1;M;1;1;1;1;1;0;0;0;0;0;0;1;0;1;1;0;0;0;0;0;0;;1,00;M;2024;5;14;164,48;0
57502;2;M;1;1;1;1;1;1;0;0;0;0;0;1;0;1;1;0;0;0;1;0;3;;0,64;M;2024;2;23;499,35;0
57559;1;M;1;1;1;1;1;1;0;0;0;0;0;1;0;1;1;0;0;0;1;0;4;;0,54;A;2024;5;17;535,47;0
57573;12;M;0;0;0;0;0;0;0;0;0;0;0;0;0;0;0;1;0;0;0;0;3;;1,00;M;2024;7;8;64,02;1
57573;13;M;0;0;0;0;0;0;0;0;0;0;0;0;0;0;0;1;0;0;0;0;3;;1,00;M;2024;7;8;64,02;1
57573;15;C;0;0;0;0;0;0;0;0;0;0;0;0;0;0;0;1;0;0;0;0;0;;1,00;M;2024;5;17;64,02;1
57573;2;C;0;0;0;0;0;0;0;0;0;0;0;0;0;0;0;1;0;0;0;0;0;;1,00;M;2024;5;9;64,30;1
57573;9;C;0;0;0;0;0;0;0;0;0;0;0;0;0;0;0;1;0;0;0;0;0;;1,00;M;2024;5;14;64,30;1
57573;4;M;0;0;0;0;0;0;0;0;0;0;0;0;0;0;0;1;0;0;0;0;3;;1,00;M;2024;5;10;64,02;1
57573;10;C;1;1;0;0;0;0;0;0;1;0;0;0;0;1;1;0;0;0;0;0;0;;1,00;M;2024;5;14;514,17;1
57573;18;M;0;0;0;0;0;0;0;0;0;0;0;0;0;0;0;1;0;0;0;0;0;;1,00;M;2024;5;22;64,02;1
57573;6;M;0;0;0;0;0;0;0;0;0;0;0;0;0;0;0;1;0;0;0;0;3;;1,00;M;2024;5;11;64,02;1
57573;7;M;0;0;0;0;0;0;0;0;0;0;0;0;0;0;0;1;0;0;0;0;3;;1,00;M;2024;5;11;64,02;1
57573;1;M;0;0;0;0;0;0;0;0;0;0;0;0;0;0;0;1;0;0;0;0;3;;1,00;M;2024;5;9;64,02;1
57573;3;C;0;0;0;0;0;0;0;0;0;0;0;0;0;0;0;1;0;0;0;0;0;;1,00;M;2024;5;9;64,02;1
57573;5;C;0;0;0;0;0;0;0;0;0;0;0;0;0;0;0;1;0;0;0;0;0;;1,00;M;2024;5;11;64,30;0
57573;14;C;0;0;0;0;0;0;0;0;0;0;0;0;0;0;0;1;0;0;0;0;0;;1,00;M;2024;5;17;64,02;1
57573;8;C;0;0;0;0;0;0;0;0;0;0;0;0;0;0;0;1;0;0;0;0;0;;1,00;M;2024;5;12;64,02;1
57573;11;C;0;0;0;0;0;0;0;0;0;0;0;0;0;0;0;1;0;0;0;0;0;;1,00;M;2024;5;19;64,30;1
57573;16;M;1;1;0;0;0;0;0;0;0;0;0;0;0;1;1;0;0;0;1;0;3;;1,00;M;2024;5;18;467,26;1
57573;17;M;0;0;0;0;0;0;0;0;0;0;0;0;0;0;0;1;0;0;0;0;0;;1,00;M;2024;5;22;64,02;1
57611;1;M;1;1;1;1;1;1;1;0;0;0;0;1;0;1;1;0;0;0;1;0;4;N;0,50;M;2024;5;17;1088,12;0
57619;1;M;1;1;1;1;1;1;1;0;0;0;0;1;0;1;1;0;0;0;1;0;7;;0,50;A;2024;5;17;354,62;0
57621;1;M;1;1;1;1;1;1;1;0;0;0;0;1;0;1;1;0;0;0;1;0;1;;0,95;A;2024;5;14;1050,54;0
57621;2;M;1;1;0;0;0;0;0;0;0;0;0;0;0;1;1;0;0;0;1;0;3;;0,90;M;2024;6;27;428,37;0
57625;5;M;1;1;0;0;0;0;0;0;0;0;0;0;0;1;1;0;0;0;1;0;7;;0,50;M;2024;5;31;248,13;0
57625;6;M;1;1;0;0;0;0;0;0;0;0;0;0;0;1;1;0;0;0;1;0;7;;0,50;M;2024;9;28;132,79;0
57686;1;M;1;1;1;1;1;1;1;0;0;0;0;1;0;1;1;0;0;0;1;0;7;;0,50;T;2024;5;21;429,07;0
57686;2;M;1;1;1;1;1;1;1;0;0;0;0;1;0;1;1;0;0;0;1;0;7;;0,50;T;2024;3;28;357,23;0
57772;1;M;1;1;0;0;0;0;0;0;0;0;0;0;0;1;1;0;0;0;1;0;4;;0,54;M;2024;6;20;190,99;0
57778;1;M;1;1;0;0;0;0;0;0;0;0;0;0;0;1;1;0;0;0;0;0;0;;1,00;A;2024;5;21;81,57;0
57878;1;M;1;1;1;1;1;1;1;0;0;0;0;1;0;1;1;0;0;0;1;0;7;;0,50;M;2024;5;20;556,65;0
57920;1;M;1;1;0;0;0;0;0;0;0;0;0;0;0;1;1;0;0;0;1;0;3;;0,50;M;2024;5;12;262,73;0
57920;3;M;1;1;0;0;0;0;0;0;0;0;0;0;0;1;1;0;0;0;0;0;3;;1,00;M;2024;9;30;78,76;0
57920;2;M;1;1;1;1;1;0;0;0;0;0;0;1;0;1;1;0;0;0;0;0;3;;1,00;M;2024;8;10;111,36;0
57936;1;M;1;1;1;1;1;1;1;0;0;0;0;1;0;1;1;0;1;1;1;0;3;;1,00;M;2024;5;19;1609,17;0
57974;2;M;1;1;0;0;0;0;0;0;0;0;0;0;0;1;1;0;0;0;1;0;3;;0,90;M;2024;9;26;448,24;0
57974;1;M;1;1;1;1;1;1;0;0;0;0;0;1;0;1;1;0;0;0;1;0;6;;0,60;M;2024;5;19;431,62;0
58213;1;M;1;1;1;1;1;1;0;0;0;0;0;1;0;1;1;0;0;0;1;0;6;;0,60;M;2024;5;21;438,41;0
58226;1;M;1;1;0;0;0;0;0;0;0;0;0;0;0;1;1;0;0;0;1;0;7;;0,50;M;2024;5;21;387,86;0
58283;1;M;1;1;0;0;0;0;0;0;0;0;0;0;0;1;1;0;0;0;1;0;7;;0,50;M;2024;5;23;215,76;0
58395;3;M;1;1;1;1;1;1;0;0;0;0;0;1;0;1;1;0;0;0;1;0;4;;0,68;M;2024;5;22;938,61;0
58480;2;M;1;1;1;1;1;1;1;0;0;0;0;1;0;1;1;0;0;0;1;0;7;;0,50;M;2024;7;22;375,33;0
58513;2;M;1;1;1;1;1;1;1;0;0;0;0;1;0;1;1;0;0;0;1;0;3;;0,76;M;2024;4;7;938,54;0
58542;2;M;1;1;0;0;0;0;0;0;0;0;0;0;0;1;1;0;0;0;0;0;0;;1,00;M;2024;6;27;132,13;0
58560;1;M;1;1;1;1;1;1;0;0;0;0;0;1;0;1;1;0;0;0;1;0;3;;0,80;M;2024;5;27;877,27;0
58578;1;M;1;1;0;0;0;0;0;0;0;0;0;0;0;1;1;0;0;0;1;0;4;;0,50;A;2024;5;25;596,03;0
58676;1;M;1;1;1;1;1;1;0;0;0;0;0;1;0;1;1;0;0;0;1;0;3;;0,57;A;2024;5;26;521,78;0
58700;1;M;1;1;1;1;1;1;0;0;0;0;0;1;0;1;1;0;0;0;1;0;3;;0,85;M;2024;5;27;846,55;0
58708;1;M;1;1;1;1;1;1;1;0;0;0;0;1;0;1;1;0;0;0;1;0;0;;1,00;A;2024;5;28;799,85;0
58746;3;M;1;1;1;1;1;1;0;0;0;0;0;1;0;1;1;0;0;0;1;0;3;;0,90;M;2024;4;15;1033,17;0
58746;1;M;1;1;1;1;1;1;0;0;0;0;0;1;0;1;1;0;0;0;1;0;0;;0,95;M;2024;5;27;439,34;0
58815;1;M;1;1;1;1;1;1;1;0;0;0;0;1;0;1;1;0;0;0;1;0;4;N;0,50;A;2024;5;27;766,64;0
58824;2;M;1;1;0;0;0;0;0;0;0;0;0;0;0;1;1;0;0;0;0;0;0;;1,00;M;2024;4;21;118,20;3
58883;5;M;1;1;1;1;1;1;1;0;0;0;0;1;0;1;1;0;0;0;1;0;7;;0,50;A;2024;1;25;580,72;0
58883;1;M;1;1;0;0;0;0;0;0;0;0;0;0;0;1;1;0;0;0;0;0;0;;1,00;A;2024;6;1;61,74;0
58883;2;M;1;1;0;0;0;0;0;0;0;0;0;0;0;1;1;0;0;0;0;0;0;;1,00;A;2024;6;1;61,74;0
58883;9;M;1;1;0;0;0;0;0;0;0;0;0;0;0;1;1;0;0;0;0;0;0;;1,00;A;2024;9;28;59,35;0
58883;10;M;1;1;0;0;0;0;0;0;0;0;0;0;0;1;1;0;0;0;0;0;0;;1,00;A;2024;1;14;75,41;0
59098;1;M;1;1;0;0;0;0;0;0;0;0;0;0;0;1;1;0;0;0;0;0;3;;1,00;A;2024;7;1;104,73;0
59106;1;M;1;1;1;1;1;1;0;0;0;0;0;1;0;1;1;0;0;0;1;0;6;;0,50;M;2024;6;4;469,65;0
59163;1;M;1;1;1;1;1;1;0;0;0;0;0;1;0;1;1;0;0;0;1;0;3;;0,85;M;2024;6;2;748,32;0
59164;1;M;1;1;0;0;0;0;0;0;0;0;0;0;0;1;1;0;0;0;1;0;4;N;0,50;A;2024;6;1;513,59;0
59238;1;M;1;1;1;1;1;1;1;0;0;0;0;1;0;1;1;0;0;0;1;0;6;;0,50;M;2024;6;8;863,50;0
59244;1;M;1;1;0;0;0;0;0;0;0;0;0;0;0;1;1;0;0;0;1;0;3;N;0,72;A;2024;6;1;609,96;0
59268;1;M;1;1;1;1;1;1;1;0;0;0;0;0;0;1;1;0;0;0;1;0;3;;0,90;M;2024;6;1;4537,66;1
59287;1;M;1;1;1;1;1;1;0;0;0;0;0;1;0;1;1;0;0;0;1;0;1;;0,95;A;2024;6;4;545,42;0
59313;2;M;1;1;1;1;1;1;0;0;0;0;0;1;0;1;1;0;0;0;1;0;7;;0,50;M;2024;5;2;443,98;0
59314;1;M;1;1;1;1;1;1;0;0;0;0;0;1;0;1;1;0;0;0;1;0;2;;1,00;A;2024;6;2;723,96;0
59361;1;M;1;1;0;0;0;0;0;0;0;0;0;0;0;1;1;0;0;0;1;0;3;;0,50;M;2024;6;6;221,16;0
59362;1;M;1;1;1;1;1;1;0;0;0;0;0;1;0;1;1;0;0;0;1;0;4;N;0,50;A;2024;6;3;392,04;0
59383;1;M;1;1;0;0;0;0;0;0;0;0;0;0;0;1;1;0;0;0;0;0;0;;1,00;A;2024;6;3;81,57;0
59449;1;M;1;1;0;0;0;0;0;0;0;0;0;0;0;1;1;0;0;0;1;0;3;;0,85;A;2024;6;2;291,10;0
59461;1;M;1;1;1;1;1;1;1;0;0;0;0;1;0;1;1;0;0;0;1;0;4;;0,50;A;2024;6;4;530,05;0
59470;3;M;1;1;1;1;1;0;1;0;0;0;0;1;0;1;1;0;0;0;1;0;3;;1,00;M;2024;5;30;123,90;0
59470;4;M;1;1;1;1;1;0;1;0;0;0;0;1;0;1;1;0;0;0;1;0;3;;1,00;M;2024;5;30;143,32;0
59470;1;M;1;1;1;1;1;0;1;0;0;0;0;1;0;1;1;0;0;0;1;0;3;;1,00;M;2024;6;4;163,36;0
59470;2;M;1;1;1;1;1;0;1;0;0;0;0;1;0;1;1;0;0;0;1;0;3;;1,00;M;2024;4;27;204,14;0
59549;2;M;1;1;1;1;1;1;0;0;0;0;0;1;0;1;1;0;0;0;1;0;5;;0,50;M;2024;9;4;203,70;0
59684;1;M;1;1;1;1;1;1;0;0;0;0;0;1;0;1;1;0;0;0;1;0;3;;1,12;A;2024;6;7;772,91;0
59748;1;M;1;1;1;1;1;1;0;0;0;0;0;1;0;1;1;0;1;0;1;0;3;;0,85;M;2024;6;7;379,91;0
59779;1;M;1;1;1;1;1;1;0;0;0;0;0;1;0;1;1;0;0;0;1;0;6;;0,51;M;2024;6;9;756,84;0
59822;1;M;1;1;1;1;1;1;0;0;0;0;0;1;0;1;1;0;0;0;1;0;3;N;0,76;M;2024;6;7;773,22;0
59844;3;M;1;1;0;0;0;0;0;0;0;0;0;0;0;1;1;0;0;0;1;0;3;;0,80;M;2024;7;25;682,83;0
59844;2;M;1;1;1;1;1;1;0;0;0;0;0;1;0;1;1;0;0;0;1;0;2;;0,85;M;2024;7;3;504,73;0
59844;1;M;0;0;0;0;0;0;0;0;0;0;0;0;0;0;0;1;0;0;0;0;1;;0,90;M;2024;6;7;71,79;0
59915;1;M;1;1;1;1;1;1;0;0;0;0;0;1;0;1;1;0;0;0;1;0;3;;0,50;A;2024;6;7;212,51;0
60013;1;M;1;1;0;0;0;0;0;0;0;0;0;0;0;1;1;0;0;0;1;0;7;;0,50;M;2024;6;9;563,20;0
60027;1;M;1;1;0;0;0;0;0;0;0;0;0;0;0;1;1;0;0;0;1;0;4;N;0,50;A;2024;6;8;272,06;0
60062;3;M;1;1;1;1;1;1;1;0;0;0;0;1;0;1;1;0;0;0;1;0;3;;0,85;A;2024;3;7;653,21;0
60062;2;M;1;1;1;1;1;1;1;0;0;0;0;1;0;1;1;0;0;0;1;0;3;;0,80;A;2024;7;12;722,99;0
60120;1;M;1;1;0;0;0;0;0;0;0;0;0;0;0;1;1;0;0;0;0;0;0;;1,00;A;2024;6;2;59,35;0
60183;1;M;1;1;1;1;1;1;1;0;0;0;0;1;0;1;1;0;0;0;1;0;7;;0,50;M;2024;6;9;731,51;0
60269;1;M;1;1;1;1;1;0;0;0;0;0;0;1;0;1;1;0;0;0;1;0;3;;1,00;A;2024;6;10;184,73;0
60304;1;M;1;1;1;1;1;1;1;0;0;0;0;1;0;1;1;0;0;0;1;0;3;N;0,68;A;2024;6;10;967,98;0
60311;1;M;1;1;1;1;1;1;1;0;0;0;0;1;0;1;1;0;0;0;1;0;5;;0,50;M;2024;6;10;250,29;0
60336;4;M;1;1;1;1;1;1;0;0;0;0;0;1;0;1;1;0;0;0;1;0;7;;0,50;A;2024;3;18;245,66;0
60336;2;M;1;1;1;1;1;1;0;0;0;0;0;1;0;1;1;0;0;0;1;0;4;;0,76;A;2024;6;17;251,62;0
60336;3;M;1;1;1;1;1;1;0;0;0;0;0;1;0;1;1;0;0;0;1;0;3;N;0,80;A;2024;9;30;224,51;0
60367;1;M;1;1;0;0;0;0;0;0;0;0;0;0;0;1;1;0;0;0;0;0;3;;1,00;M;2024;7;1;79,41;0
60367;3;M;1;1;1;1;1;1;1;0;0;0;0;1;0;1;1;0;1;1;1;0;5;;0,54;M;2024;6;6;775,63;0
60384;1;C;1;1;0;0;0;0;0;0;1;0;0;0;0;1;1;0;0;0;0;0;0;;0,90;M;2024;6;11;339,27;0
60409;1;M;1;1;1;1;1;1;1;0;0;0;0;1;0;1;1;0;0;0;1;0;3;;0,50;A;2024;6;13;626,37;0
60409;2;M;1;1;1;1;1;1;1;0;0;0;0;1;0;1;1;0;1;1;1;0;3;;0,50;A;2024;7;11;810,81;0
60428;1;M;1;1;0;0;0;0;0;0;0;0;0;0;0;1;1;0;0;0;0;0;0;;1,00;A;2024;6;13;86,59;0
60432;1;M;1;1;1;1;1;1;1;0;0;0;0;1;0;1;1;0;0;0;1;0;6;;0,50;M;2024;6;14;950,87;0
60464;1;M;1;1;0;0;0;0;0;0;0;0;0;0;0;1;1;0;0;0;1;0;4;;0,50;M;2024;6;13;350,06;0
60468;2;M;1;1;0;0;0;0;0;0;0;0;0;0;0;1;1;0;0;0;1;0;6;;0,50;A;2024;3;31;324,55;0
60468;1;M;1;1;1;1;1;0;0;0;0;0;0;1;0;1;1;0;0;0;1;0;0;;1,00;A;2024;6;13;256,82;0
60479;1;M;1;1;1;1;1;1;0;0;0;0;0;1;0;1;1;0;0;0;1;0;3;N;0,76;M;2024;6;13;719,25;0
60568;1;M;1;1;1;1;1;1;1;0;0;0;0;1;0;1;1;0;0;0;1;0;3;;0,72;A;2024;6;14;926,35;0
60608;1;M;1;1;0;0;0;0;0;0;0;0;0;0;0;1;1;0;0;0;1;0;4;N;0,50;S;2024;6;10;327,53;0
60610;1;M;1;1;1;1;1;1;1;0;0;0;0;1;0;1;1;0;0;0;1;0;1;;0,90;A;2024;6;15;981,47;0
60720;1;C;1;1;1;1;1;1;0;0;1;0;0;1;0;1;1;0;0;0;0;0;0;;1,00;A;2024;6;14;361,95;0
60723;2;C;1;1;1;1;1;1;1;0;1;0;1;1;0;1;1;0;0;0;1;0;0;;1,00;M;2024;8;23;589,49;0
60723;1;M;1;1;1;1;1;1;1;0;0;0;0;1;0;1;1;0;0;0;1;0;7;;0,50;M;2024;6;11;382,00;0
60735;2;M;1;1;1;1;1;1;0;0;0;0;0;1;0;1;1;0;0;0;1;0;3;;0,90;M;2024;9;15;247,09;0
60879;1;M;1;1;0;0;0;0;0;0;0;0;0;0;0;1;1;0;0;0;1;0;3;;0,60;M;2024;6;16;490,96;1
60905;1;M;1;1;1;1;1;1;1;0;0;0;0;1;0;1;1;0;0;0;1;0;5;;0,64;M;2024;6;17;1107,00;0
60908;1;M;1;1;0;0;0;0;0;0;0;0;0;0;0;1;1;0;0;0;1;0;5;;0,50;A;2024;6;18;406,66;0
60968;1;M;1;1;1;1;1;1;0;0;0;0;0;1;0;1;1;0;0;0;1;0;4;;0,64;A;2024;6;17;482,51;0
61071;1;M;1;1;1;1;1;1;0;0;0;0;0;1;0;1;1;0;0;0;1;0;3;N;0,68;M;2024;6;18;708,15;0
61078;1;M;1;1;1;1;1;1;0;0;0;0;0;1;0;1;1;0;0;0;1;0;7;;0,50;A;2024;6;18;296,44;0
61079;4;M;1;1;1;1;1;1;1;0;0;0;0;1;0;1;1;0;0;0;1;0;3;N;0,68;M;2024;9;22;559,75;0
61085;1;C;1;1;1;1;1;1;0;0;1;0;0;1;0;1;1;0;0;0;0;0;0;;1,00;A;2024;6;16;655,57;0
61115;1;M;1;1;0;0;0;0;0;0;0;0;0;0;0;1;1;0;0;0;1;0;3;;0,72;A;2024;6;19;279,13;0
61268;2;M;1;1;0;0;0;0;0;0;0;0;0;0;0;1;1;0;0;0;0;0;3;;1,00;A;2024;3;16;127,34;0
61308;1;M;1;1;1;1;1;1;0;0;0;0;0;1;0;1;1;0;0;0;1;0;1;;0,90;M;2024;6;21;750,68;0
61356;1;M;1;1;1;1;1;1;0;0;0;0;0;1;0;1;1;0;0;0;1;0;1;;0,90;M;2024;6;22;460,97;0
61530;1;M;1;1;0;0;0;0;0;0;0;0;0;0;0;1;1;0;0;0;1;0;4;;0,76;M;2024;6;23;495,76;0
61539;1;M;1;1;1;1;1;0;0;0;0;0;0;1;0;1;1;0;0;0;0;0;0;;1,00;A;2024;6;26;148,71;0
61542;1;M;1;1;1;1;1;1;1;0;0;0;0;1;0;1;1;0;0;0;1;0;7;;0,50;A;2024;6;24;563,13;0
61578;1;M;1;1;1;1;1;1;1;0;0;0;0;1;0;1;1;0;0;0;1;0;0;;1,00;A;2024;6;23;481,82;0
61651;1;M;1;1;0;0;0;0;0;0;0;0;0;0;0;1;1;0;0;0;1;0;6;;0,54;M;2024;6;25;535,04;0
61729;1;M;1;1;1;1;1;1;1;0;0;0;0;1;0;1;1;0;0;0;1;0;3;;0,64;A;2024;6;25;456,97;0
61763;1;M;1;1;1;1;1;1;1;0;0;0;0;1;0;1;1;0;0;0;1;0;4;;0,50;M;2024;6;25;764,46;0
61772;2;M;1;1;1;1;1;1;0;0;0;0;0;1;0;1;1;0;0;0;1;0;1;;0,85;M;2024;7;29;802,82;0
61778;2;M;1;1;1;1;1;1;1;0;0;0;0;1;0;1;1;0;0;0;1;0;3;;0,76;M;2024;3;20;867,52;0
61814;1;M;1;1;1;1;1;1;1;0;0;0;0;1;0;1;1;0;0;0;1;0;3;;1,00;A;2024;6;25;629,02;0
61871;1;M;1;1;1;1;1;1;1;0;0;0;0;1;0;1;1;0;0;0;1;0;3;;0,72;M;2024;6;26;696,95;0
61947;1;M;1;1;0;0;0;0;0;0;0;0;0;0;0;1;1;0;0;0;1;0;0;;1,00;A;2024;6;28;796,96;0
61956;1;M;1;1;1;1;1;1;0;0;0;0;0;1;0;1;1;0;0;0;1;0;3;;0,90;M;2024;6;28;554,77;0
62037;1;M;1;1;0;0;0;0;0;0;0;0;0;0;0;1;1;0;0;0;1;0;3;;0,80;M;2024;6;29;631,56;0
62048;1;M;1;1;1;1;1;1;1;0;0;0;0;0;0;1;1;0;0;0;1;0;5;;0,68;M;2024;6;29;653,81;1
62070;1;M;1;1;0;0;0;0;0;0;0;0;0;0;0;1;1;0;0;0;1;0;3;;0,50;A;2024;6;29;239,16;0
62070;2;M;1;1;1;1;1;1;1;0;0;0;0;1;0;1;1;0;0;0;1;0;3;;0,62;A;2024;9;13;569,69;0
62076;1;M;1;1;1;1;1;1;1;0;0;0;0;1;0;1;1;0;0;0;1;0;4;N;0,51;A;2024;6;27;369,01;0
62083;1;M;1;1;1;1;1;1;0;0;0;0;0;1;0;1;1;0;0;0;1;0;4;;0,50;M;2024;6;29;387,79;0
62086;1;M;1;1;1;1;1;1;1;0;0;0;0;1;0;1;1;0;0;0;1;0;3;;0,56;M;2024;6;29;764,31;0
62101;2;M;1;1;1;1;1;1;1;0;0;0;0;1;0;1;1;0;0;0;1;0;3;;0,50;M;2024;7;1;649,87;0
62101;1;M;1;1;1;1;1;1;1;0;0;0;0;1;0;1;1;0;0;0;1;0;3;;0,50;M;2024;7;1;663,65;0
62136;1;C;1;1;0;0;0;0;0;0;1;0;0;0;0;1;1;0;0;0;0;0;0;;1,00;A;2024;6;29;301,78;0
62264;2;M;1;1;1;1;1;1;1;0;0;0;0;1;0;1;1;0;0;0;1;0;3;;0,90;M;2024;2;13;1132,80;0
62277;1;M;1;1;0;0;0;0;0;0;0;0;0;0;0;1;1;0;0;0;1;0;2;;0,95;A;2024;6;30;254,88;0
62302;1;M;1;1;1;1;1;1;1;0;0;0;0;1;0;1;1;0;0;0;1;0;7;;0,50;A;2024;7;2;994,61;0
62321;1;M;1;1;0;0;0;0;0;0;0;0;0;0;0;1;1;0;0;0;1;0;3;N;0,76;M;2024;7;1;417,14;0
62423;1;M;1;1;1;1;1;1;1;0;0;0;0;1;0;1;1;0;0;0;1;0;4;;0,64;M;2024;7;1;765,60;0
62451;1;M;1;1;0;0;0;0;0;0;0;0;0;0;0;1;1;0;0;0;1;0;3;;0,50;A;2024;7;1;376,80;0
62473;1;M;1;1;0;0;0;0;0;0;0;0;0;0;0;1;1;0;0;0;1;0;1;;0,90;S;2024;7;2;660,91;0
62524;1;M;1;1;0;0;0;0;0;0;0;0;0;0;0;1;1;0;0;0;1;0;3;;0,57;A;2024;7;2;385,35;0
62588;1;M;1;1;0;0;0;0;0;0;0;0;0;0;0;1;1;0;0;0;0;0;0;;1,00;A;2024;7;26;81,57;0
62605;1;M;1;1;1;1;1;1;0;0;0;0;0;1;0;1;1;0;0;0;1;0;4;N;0,50;M;2024;6;30;522,11;0
62615;1;M;1;1;1;1;1;1;1;0;0;0;0;1;0;1;1;0;0;0;1;0;5;;0,68;M;2024;7;5;347,68;0
62615;2;M;1;1;1;1;1;1;1;0;0;0;0;1;0;1;1;0;0;0;1;0;3;;0,95;M;2024;12;2;348,99;0
62652;1;M;1;1;1;1;1;1;1;0;0;0;0;1;0;1;1;0;0;0;1;0;4;;0,76;M;2024;8;7;1937,83;0
62736;4;M;1;1;0;0;0;0;0;0;0;0;0;0;0;1;1;0;0;0;1;0;7;;0,50;M;2024;8;7;283,44;0
62736;1;M;1;1;0;0;0;0;0;0;0;0;0;0;0;1;1;0;0;0;0;0;3;;1,00;A;2024;8;7;85,36;0
62740;2;M;1;1;0;0;0;0;0;0;0;0;0;0;0;1;1;0;0;0;1;0;7;;0,50;M;2024;1;6;200,64;0
62759;1;M;1;1;1;1;1;1;0;0;0;0;0;1;0;1;1;0;0;0;1;0;6;;0,60;M;2024;7;6;503,64;0
62768;1;M;1;1;1;1;1;1;0;0;0;0;0;1;0;1;1;0;0;0;1;0;4;N;0,57;M;2024;7;7;312,11;0
62777;1;M;1;1;1;1;1;1;0;0;0;0;0;1;0;1;1;0;0;0;1;0;4;;0,76;M;2024;7;7;475,67;0
62829;1;M;1;1;1;1;1;1;1;0;0;0;0;1;0;1;1;0;1;1;1;0;4;;0,72;A;2024;7;6;1082,28;0
62895;1;M;1;1;1;1;1;1;1;0;0;0;0;1;0;1;1;0;0;0;1;0;4;;0,76;M;2024;7;6;1353,74;0
62896;1;M;1;1;1;1;1;1;1;0;0;0;0;1;0;1;1;0;0;0;1;0;3;N;0,76;A;2024;7;7;1278,28;0
62983;1;M;1;1;0;0;0;0;0;0;0;0;0;0;0;1;1;0;0;0;0;0;0;;1,00;A;2024;7;7;113,69;0
63047;2;M;1;1;0;0;0;0;0;0;0;0;0;0;0;1;1;0;0;0;1;0;3;;0,80;M;2024;10;1;1136,44;0
63047;3;M;1;1;0;0;0;0;0;0;0;0;0;0;0;1;1;0;0;0;0;0;3;;1,00;M;2024;1;18;76,35;0
63047;1;M;1;1;0;0;0;0;0;0;0;0;0;0;0;1;1;0;0;0;0;0;0;;1,00;M;2024;7;9;85,17;0
63079;1;M;1;1;1;1;1;1;1;0;0;0;0;1;0;1;1;0;0;0;1;0;7;;0,50;A;2024;7;8;436,32;0
63091;1;M;1;1;1;1;1;1;0;0;0;0;0;1;0;1;1;0;0;0;1;0;4;;0,51;A;2024;8;10;282,82;0
63092;1;M;0;0;0;0;0;0;0;0;0;0;0;0;0;0;0;1;0;0;0;0;3;;1,00;M;2024;7;1;71,79;1
63115;1;M;1;1;1;1;1;1;1;0;0;0;0;1;0;1;1;0;0;0;1;0;7;;0,50;A;2024;7;8;308,09;0
63115;2;M;1;1;1;1;1;1;1;0;0;0;0;0;0;1;1;0;0;0;1;0;7;;0,50;A;2024;7;26;809,20;1
63173;1;M;1;1;0;0;0;0;0;0;0;0;0;0;0;1;1;0;0;0;1;0;3;;0,60;A;2024;7;9;307,69;0
63342;1;M;1;1;0;0;0;0;0;0;0;0;0;0;0;1;1;0;0;0;1;0;3;;0,95;M;2024;7;11;384,07;0
63390;2;M;1;1;1;1;1;1;0;0;0;0;0;0;0;1;1;0;0;0;1;0;3;;0,50;A;2024;12;12;227,46;0
63390;1;M;1;1;0;0;0;0;0;0;0;0;0;0;0;1;1;0;0;0;1;0;3;;0,50;A;2024;7;7;227,49;0
63390;3;M;1;1;1;1;1;1;1;0;0;0;0;0;0;1;1;0;0;0;1;0;4;;0,50;A;2024;11;5;317,01;0
63478;1;M;1;1;0;0;0;0;0;0;0;0;0;0;0;1;1;0;0;0;1;0;7;;0,50;A;2024;7;13;499,78;0
63548;1;M;1;1;1;1;1;1;1;0;0;0;0;1;0;1;1;0;0;0;1;0;7;;0,50;M;2024;7;13;822,89;0
63586;1;M;1;1;0;0;0;0;0;0;0;0;0;0;0;1;1;0;0;0;1;0;4;;0,68;M;2024;7;13;179,88;0
63600;1;M;1;1;1;1;1;0;1;0;0;0;0;1;0;1;1;0;0;0;0;0;3;;1,00;M;2024;7;13;79,41;0
63632;1;M;1;1;1;1;1;1;0;0;0;0;0;1;0;1;1;0;0;0;1;0;2;;0,85;A;2024;7;12;398,68;0
63658;1;M;1;1;0;0;0;0;0;0;0;0;0;0;0;1;1;0;0;0;0;0;0;;1,00;S;2024;7;12;83,96;0
63658;2;M;1;1;1;1;1;1;0;0;0;0;0;1;0;1;1;0;0;0;1;0;7;;0,50;S;2024;3;2;219,31;0
63672;1;M;1;1;1;1;1;1;1;0;0;0;0;1;0;1;1;0;0;0;1;0;3;N;0,80;A;2024;7;15;1283,25;0
63783;1;M;1;1;1;1;1;1;1;0;0;0;0;1;0;1;1;0;0;0;1;0;3;N;0,76;A;2024;7;16;1038,18;0
63783;2;M;1;1;0;0;0;0;0;0;0;0;0;0;0;1;1;0;0;0;1;0;3;;0,85;M;2024;4;7;480,25;0
63835;1;M;1;1;0;0;0;0;0;0;0;0;0;0;0;1;1;0;0;0;1;0;7;;0,50;M;2024;7;15;365,82;0
63926;1;M;1;1;1;1;1;1;0;0;0;0;0;1;0;1;1;0;0;0;1;0;3;;0,50;M;2024;7;18;559,71;0
63965;1;M;1;1;1;1;1;1;0;0;0;0;0;1;0;1;1;0;0;0;1;0;5;;0,68;A;2024;7;18;320,29;0
63974;1;M;1;1;1;1;1;1;0;0;0;0;0;1;0;1;1;0;0;0;1;0;4;N;0,57;A;2024;7;19;344,21;0
63979;1;M;1;1;1;1;1;1;0;0;0;0;0;1;0;1;1;0;0;0;1;0;6;;0,60;M;2024;7;23;324,46;0
63979;2;M;1;1;1;1;1;1;0;0;0;0;0;1;0;1;1;0;0;0;1;0;6;;0,57;M;2024;7;20;323,70;0
63993;1;M;1;1;0;0;0;0;0;0;0;0;0;0;0;1;1;0;0;0;0;0;0;;1,00;M;2024;9;1;118,20;3
64050;1;M;1;1;0;0;0;0;0;0;0;0;0;0;0;1;1;0;0;0;1;0;2;;0,85;A;2024;7;23;415,67;0
64083;1;C;1;1;0;0;0;0;0;0;1;0;0;0;0;1;1;0;0;0;0;0;0;;1,00;S;2024;7;20;394,36;0
64083;2;M;1;1;0;0;0;0;0;0;0;0;0;0;0;1;1;0;0;0;1;0;3;;0,90;S;2024;3;22;507,85;0
64083;3;M;1;1;0;0;0;0;0;0;0;0;0;0;0;1;1;0;0;0;1;0;6;;0,64;S;2024;2;21;503,59;0
64098;2;M;1;1;0;0;0;0;0;0;0;0;0;0;0;1;1;0;0;0;1;0;3;;1,00;M;2024;1;4;389,49;0
64148;2;M;1;1;0;0;0;0;0;0;0;0;0;0;0;1;1;0;0;0;1;0;5;;0,68;M;2024;2;4;495,56;0
64154;2;M;1;1;0;0;0;0;0;0;0;0;0;0;0;1;1;0;0;0;1;0;4;;0,76;M;2024;2;23;259,58;0
64248;2;M;1;1;1;1;1;0;1;0;0;0;0;1;0;1;1;0;0;0;0;0;3;;1,00;M;2024;11;13;223,35;0
64248;3;M;1;1;1;1;1;1;0;0;0;0;0;1;0;1;1;0;0;0;1;0;7;;0,50;M;2024;11;13;295,68;0
64248;1;M;1;1;0;0;0;0;0;0;0;0;0;0;0;1;1;0;0;0;1;0;7;;0,50;M;2024;7;21;149,88;0
64255;2;M;1;1;1;1;1;1;0;0;0;0;0;1;0;1;1;0;0;0;1;0;3;;0,90;S;2024;4;4;741,54;0
64255;3;M;1;1;1;1;1;1;1;0;0;0;0;1;0;1;1;0;0;0;1;0;6;;0,60;M;2024;10;20;1100,60;0
64319;1;M;1;1;0;0;0;0;0;0;0;0;0;0;0;1;1;0;0;0;0;0;0;;1,00;A;2024;7;21;78,43;0
64321;1;M;1;1;0;0;0;0;0;0;0;0;0;0;0;1;1;0;0;0;1;0;5;;0,68;S;2024;7;21;360,03;0
64332;1;M;1;1;1;1;1;1;0;0;0;0;0;1;0;1;1;0;0;0;1;0;7;;0,50;M;2024;7;25;696,94;0
64406;1;M;1;1;1;1;1;1;0;0;0;0;0;1;0;1;1;0;0;0;1;0;3;;0,90;M;2024;7;22;420,41;0
64450;2;M;1;1;0;0;0;0;0;0;0;0;0;0;0;1;1;0;0;0;1;0;3;;0,76;A;2024;8;25;231,36;0
64450;1;M;1;1;1;1;1;1;0;0;0;0;0;1;0;1;1;0;0;0;1;0;3;;0,72;A;2024;7;22;472,22;0
64488;2;M;1;1;1;1;1;1;1;0;0;0;0;1;0;1;1;0;0;0;1;0;4;;0,76;A;2024;3;9;896,19;0
64530;1;M;1;1;1;1;1;1;0;0;0;0;0;1;0;1;1;0;0;0;1;0;3;;0,50;M;2024;7;23;281,15;0
64530;2;M;1;1;1;1;1;1;1;0;0;0;0;1;0;1;1;0;0;0;1;0;4;;0,50;M;2024;10;6;494,13;0
64546;1;M;1;1;1;1;1;1;0;0;0;0;0;1;0;1;1;0;0;0;1;0;2;;1,00;A;2024;7;23;474,61;0
64551;1;M;1;1;0;0;0;0;0;0;0;0;0;0;0;1;1;0;0;0;1;0;3;N;0,72;A;2024;7;23;440,20;0
64569;1;M;1;1;1;1;1;1;0;0;0;0;0;1;0;1;1;0;0;0;1;0;7;;0,50;M;2024;7;24;490,46;0
64627;3;M;1;1;1;1;1;1;0;0;0;0;0;1;0;1;1;0;0;0;1;0;7;;0,50;M;2024;3;12;238,41;0
64636;1;C;1;1;1;1;1;1;1;0;1;0;0;1;0;1;1;0;0;0;0;0;0;;1,00;A;2024;7;21;971,30;0
64645;1;M;1;1;1;1;1;1;1;0;0;0;0;1;0;1;1;0;0;0;1;0;6;;0,54;M;2024;7;26;844,44;0
64687;1;M;1;1;1;1;1;1;0;0;0;0;0;1;0;1;1;0;0;0;1;0;3;;0,80;M;2024;7;26;866,15;0
64779;2;M;1;1;1;1;1;1;1;0;0;0;0;1;0;1;1;0;0;0;1;0;3;;0,95;M;2024;7;19;421,77;0
64809;1;M;1;1;1;1;1;1;0;0;0;0;0;1;0;1;1;0;0;0;1;0;7;;0,50;A;2024;7;27;1036,56;0
64851;3;M;1;1;0;0;0;0;0;0;0;0;0;0;0;1;1;0;0;0;1;0;3;;0,50;M;2024;9;19;338,52;0
64851;1;M;1;1;0;0;0;0;0;0;0;0;0;0;0;1;1;0;0;0;0;0;3;;1,00;M;2024;7;27;79,82;0
64936;1;M;1;1;0;0;0;0;0;0;0;0;0;0;0;1;1;0;0;0;1;0;3;;0,50;M;2024;7;28;304,05;0
64944;1;M;1;1;0;0;0;0;0;0;0;0;0;0;0;1;1;0;0;0;1;0;5;;0,50;A;2024;7;25;236,22;0
64986;1;M;1;1;1;1;1;1;1;0;0;0;0;1;0;1;1;0;0;0;1;0;3;;0,50;S;2024;7;27;609,63;0
65046;1;M;1;1;0;0;0;0;0;0;0;0;0;0;0;1;1;0;0;0;1;0;3;;0,50;A;2024;7;29;472,09;0
65080;1;M;1;1;1;1;1;1;1;0;0;0;0;1;0;1;1;0;0;0;1;0;0;;1,00;A;2024;7;29;1693,62;0
65092;1;M;1;1;1;1;1;1;1;0;0;0;0;0;0;1;1;0;0;0;1;0;7;;0,50;M;2024;7;1;589,55;0
65093;1;C;1;1;0;0;0;0;0;0;1;0;0;0;0;1;1;0;0;0;0;0;0;;0,95;A;2024;6;29;367,69;0
65103;3;M;1;1;1;1;1;1;1;0;0;0;0;1;0;1;1;0;0;0;1;0;4;N;0,64;M;2024;5;18;1664,45;0
65129;1;M;1;1;0;0;0;0;0;0;0;0;0;0;0;1;1;0;0;0;1;0;7;;0,50;A;2024;7;29;384,49;0
65143;3;M;1;1;1;1;1;1;0;0;0;0;0;1;0;1;1;0;0;0;1;0;4;N;0,64;M;2024;6;26;399,31;0
65143;2;M;1;1;1;1;1;1;0;0;0;0;0;1;0;1;1;0;0;0;1;0;4;N;0,51;M;2024;6;14;434,66;0
65159;1;M;1;1;0;0;0;0;0;0;0;0;0;0;0;1;1;0;0;0;1;0;6;;0,54;M;2024;7;29;429,27;0
65163;1;M;1;1;1;1;1;1;1;0;0;0;0;1;0;1;1;0;0;0;1;0;7;;0,50;M;2024;7;30;384,34;0
65163;3;M;1;1;1;1;1;1;1;0;0;0;0;1;0;1;1;0;0;0;1;0;7;;0,50;M;2024;3;2;408,87;0
65329;1;M;1;1;1;1;1;1;1;0;0;0;0;0;0;1;1;0;0;0;1;0;7;;0,50;A;2024;7;26;467,67;0
65374;1;M;1;1;0;0;0;0;0;0;0;0;0;0;0;1;1;0;0;0;1;0;4;;0,64;A;2024;8;2;295,81;0
65646;1;M;1;1;1;1;1;1;1;0;0;0;0;1;0;1;1;0;0;0;1;0;5;;0,50;A;2024;8;4;201,43;0
65655;1;M;1;1;1;1;1;1;1;0;0;0;0;1;0;1;1;0;0;0;1;0;3;N;0,76;A;2024;8;4;862,26;0
65763;1;M;1;1;1;1;1;1;1;0;0;0;0;1;0;1;1;0;0;0;1;0;5;;0,51;M;2024;8;6;871,57;0
65833;1;M;1;1;1;1;1;1;1;0;0;0;0;1;0;1;1;0;0;0;1;0;6;;0,50;M;2024;8;5;680,70;0
65836;1;M;1;1;0;0;0;0;0;0;0;0;0;0;0;1;1;0;0;0;1;0;3;;0,50;A;2024;8;5;298,22;0
65856;1;M;1;1;1;1;1;0;1;0;0;0;0;1;0;1;1;0;0;0;0;0;3;;1,00;M;2024;8;15;258,60;0
65856;2;M;1;1;1;1;1;1;0;0;0;0;0;1;0;1;1;0;0;0;1;0;6;;0,51;M;2024;10;29;309,70;0
65856;3;M;1;1;1;1;1;1;0;0;0;0;0;1;0;1;1;0;0;0;1;0;6;;0,51;M;2024;3;26;335,66;0
65905;1;M;1;1;1;1;1;1;0;0;0;0;0;1;0;1;1;0;0;0;1;0;3;;0,64;M;2024;8;12;703,04;0
65990;2;M;1;1;1;1;1;1;1;0;0;0;0;1;0;1;1;0;0;0;1;0;3;;1,18;M;2024;8;6;902,34;0
65990;1;M;1;1;1;1;1;1;1;0;0;0;0;1;0;1;1;0;0;0;1;0;1;;0,95;M;2024;8;6;992,40;0
66153;1;M;1;1;1;1;1;1;0;0;0;0;0;1;0;1;1;0;0;0;1;0;3;N;0,80;A;2024;8;10;912,02;0
66153;2;M;1;1;1;1;1;1;0;0;0;0;0;1;0;1;1;0;0;0;1;0;4;;0,60;A;2024;3;31;739,42;0
66170;1;M;1;1;0;0;0;0;0;0;0;0;0;0;0;1;1;0;0;0;1;0;3;;0,68;M;2024;8;11;318,65;0
66233;1;M;1;1;1;1;1;1;1;0;0;0;0;1;0;1;1;0;0;0;1;0;7;;0,52;M;2024;8;11;679,51;0
66323;1;M;1;1;1;1;1;1;1;0;0;0;0;1;0;1;1;0;0;0;1;0;7;;0,50;M;2024;8;11;627,06;0
66352;1;M;1;1;1;1;1;1;1;0;0;0;0;1;0;1;1;0;0;0;1;0;4;;0,68;M;2024;8;12;799,99;0
66419;1;M;1;1;0;0;0;0;0;0;0;0;0;0;0;1;1;0;0;0;1;0;7;;0,50;M;2024;8;13;355,52;0
66471;1;M;1;1;1;1;1;1;0;0;0;0;0;1;0;1;1;0;0;0;1;0;3;;0,90;M;2024;8;13;800,72;0
66482;1;M;1;1;1;1;1;1;1;0;0;0;0;1;0;1;1;0;1;1;1;0;7;;0,50;S;2024;9;18;506,79;0
66538;3;M;1;1;0;0;0;0;0;0;0;0;0;0;0;1;1;0;0;0;1;0;4;N;0,50;M;2024;8;23;425,03;0
66557;1;M;1;1;0;0;0;0;0;0;0;0;0;0;0;1;1;0;0;0;1;0;6;;0,57;M;2024;8;16;628,81;0
66561;1;M;1;1;1;1;1;1;1;0;0;0;0;1;0;1;1;0;0;0;1;0;3;;0,60;A;2024;8;17;503,48;0
66615;1;M;1;1;0;0;0;0;0;0;0;0;0;0;0;1;1;0;0;0;1;0;6;;0,50;M;2024;8;17;258,49;0
66664;1;M;1;1;0;0;0;0;0;0;0;0;0;0;0;1;1;0;0;0;1;0;4;;0,57;M;2024;8;17;564,92;0
66668;1;M;1;1;1;1;1;1;0;0;0;0;0;1;0;1;1;0;0;0;1;0;4;;0,68;M;2024;9;19;662,71;0
66668;2;M;1;1;1;1;1;1;0;0;0;0;0;1;0;1;1;0;0;0;1;0;3;;0,68;M;2024;3;26;612,54;0
66678;1;M;1;1;1;1;1;1;1;0;0;0;0;1;0;1;1;0;0;0;1;0;3;;0,90;M;2024;8;20;1525,17;0
66700;1;M;1;1;1;1;1;1;0;0;0;0;0;1;0;1;1;0;0;0;1;0;4;N;0,50;S;2024;8;18;708,25;0
66703;1;M;1;1;1;1;1;1;1;0;0;0;0;1;0;1;1;0;0;0;1;0;5;;0,60;M;2024;8;16;1010,54;0
66749;1;M;1;1;0;0;0;0;0;0;0;0;0;0;0;1;1;0;0;0;1;0;0;;1,00;A;2024;8;17;402,56;0
66767;1;M;1;1;1;1;1;1;1;0;0;0;0;1;0;1;1;0;0;0;1;0;6;;0,50;M;2024;8;18;588,54;0
66767;2;M;1;1;1;1;1;0;0;0;0;0;0;1;0;1;1;0;0;0;0;0;0;;1,00;M;2024;8;18;194,55;0
66839;1;M;1;1;1;1;1;1;1;0;0;0;0;1;0;1;1;0;0;0;1;0;3;;0,95;M;2024;8;19;626,83;0
66964;1;C;1;1;1;1;1;1;0;0;1;0;0;1;0;1;1;0;0;0;0;0;0;;1,00;A;2024;8;22;1110,25;0
67044;1;C;1;1;0;0;0;0;0;0;1;0;0;0;0;1;1;0;0;0;0;0;0;;1,00;A;2024;8;23;287,68;0
67064;1;M;1;1;1;1;1;1;0;0;0;0;0;1;0;1;1;0;0;0;1;0;4;;0,60;M;2024;8;24;849,43;0
67113;1;M;1;1;1;1;1;1;0;0;0;0;0;1;0;1;1;0;0;0;1;0;4;N;0,63;M;2024;8;22;395,38;0
67153;1;M;1;1;1;1;1;1;0;0;0;0;0;1;0;1;1;0;0;0;1;0;6;;0,64;M;2024;8;27;827,98;0
67213;1;M;1;1;0;0;0;0;0;0;0;0;0;0;0;1;1;0;0;0;0;0;0;;1,00;A;2024;8;26;81,57;0
67275;1;M;1;1;1;1;1;1;0;0;0;0;0;1;0;1;1;0;1;0;1;0;3;;0,85;M;2024;8;25;503,77;0
67275;2;M;1;1;1;1;1;0;0;0;0;0;0;1;0;1;1;0;0;0;0;0;0;;1,00;M;2024;7;11;173,40;0
67345;1;M;1;1;1;1;1;1;1;0;0;0;0;1;0;1;1;0;0;0;1;0;6;;0,54;M;2024;8;26;744,62;0
67409;1;M;1;1;0;0;0;0;0;0;0;0;0;0;0;1;1;0;0;0;1;0;2;;0,85;M;2024;8;26;805,68;0
67447;1;M;1;1;1;1;1;1;0;0;0;0;0;1;0;1;1;0;0;0;1;0;2;;1,00;A;2024;8;29;691,20;0
67447;2;M;1;1;1;1;1;1;1;0;0;0;0;1;0;1;1;0;0;0;1;0;5;;0,72;M;2024;3;9;1275,93;0
67504;1;M;1;1;1;1;1;1;0;0;0;0;0;1;0;1;1;0;0;0;1;0;4;N;0,54;M;2024;9;1;749,93;0
67525;1;M;1;1;1;1;1;0;0;0;0;0;0;1;0;1;1;0;0;0;0;0;0;;1,00;A;2024;8;29;201,03;0
67585;1;M;1;1;0;0;0;0;0;0;0;0;0;0;0;1;1;0;0;0;1;0;4;;0,76;M;2024;8;26;448,05;0
67585;2;M;1;1;0;0;0;0;0;0;0;0;0;0;0;1;1;0;0;0;1;0;6;;0,57;M;2024;10;1;582,42;0
67618;2;M;1;1;1;1;1;1;0;0;0;0;0;1;0;1;1;0;0;0;1;0;3;;1,00;M;2024;3;18;783,85;0
67644;1;M;1;1;1;1;1;1;1;0;0;0;0;1;0;1;1;0;0;0;1;0;4;;0,50;M;2024;8;26;476,70;0
67716;1;M;1;1;1;1;1;1;0;0;0;0;0;1;0;1;1;0;0;0;1;0;3;;0,50;A;2024;8;31;264,65;0
67742;1;C;1;1;0;0;0;0;0;0;1;0;0;0;0;1;1;0;0;0;0;0;0;;1,00;A;2024;8;29;388,00;1
67893;1;M;1;1;1;1;1;1;1;0;0;0;0;1;0;1;1;0;0;0;1;0;7;;0,50;M;2024;9;10;683,50;0
67893;2;M;1;1;0;0;0;0;0;0;0;0;0;0;0;1;1;0;0;0;1;0;7;;0,50;M;2024;10;13;378,01;0
67940;1;M;0;0;0;0;0;0;0;0;0;0;0;0;0;0;0;1;0;0;0;0;3;N;0,80;M;2024;10;7;71,79;0
67967;3;M;1;1;1;1;1;1;0;0;0;0;0;1;0;1;1;0;0;0;1;0;6;;0,54;M;2024;3;16;238,24;0
67982;1;M;1;1;1;1;1;1;1;0;0;0;0;1;0;1;1;0;0;0;1;0;6;;0,50;A;2024;9;3;411,26;0
68078;2;M;1;1;1;1;1;1;1;0;0;0;0;0;0;1;1;0;0;0;1;0;3;;1,00;M;2024;2;17;1160,82;0
68127;1;C;1;1;0;0;0;0;0;0;1;0;0;0;0;1;1;0;0;0;0;0;0;;0,95;M;2024;9;6;426,99;0
68140;1;M;1;1;1;1;0;1;1;0;0;0;0;0;0;1;1;0;0;0;1;0;2;;0,90;M;2024;8;18;1303,27;0
68223;1;M;1;1;1;1;1;1;0;0;0;0;0;1;0;1;1;0;0;0;1;0;5;;0,50;A;2024;9;3;459,94;0
68251;1;M;1;1;1;1;1;1;1;0;0;0;0;1;0;1;1;0;0;0;1;0;2;;1,00;A;2024;9;7;905,44;0
68269;1;M;1;1;1;1;1;1;1;0;0;0;0;1;0;1;1;0;0;0;1;0;7;;0,50;M;2024;10;9;546,64;0
68269;3;M;1;1;0;0;0;0;0;0;0;0;0;0;0;1;1;0;0;0;1;0;7;;0,50;M;2024;8;29;129,19;0
68340;1;M;1;1;0;0;0;0;0;0;0;0;0;0;0;1;1;0;0;0;1;0;3;;0,57;M;2024;9;12;379,23;0
68373;1;M;1;1;1;1;1;1;1;0;0;0;0;1;0;1;1;0;0;0;1;0;7;;0,50;A;2024;9;8;504,64;0
68406;1;M;1;1;0;0;0;0;0;0;0;0;0;0;0;1;1;0;0;0;0;0;0;;1,00;A;2024;9;7;78,43;0
68468;1;M;1;1;1;1;1;1;1;0;0;0;0;1;0;1;1;0;0;0;1;0;4;;0,50;M;2024;9;8;355,01;0
68486;1;M;1;1;1;1;1;1;0;0;0;0;0;1;0;1;1;0;0;0;1;0;3;;0,68;S;2024;9;2;339,94;0
68544;1;M;1;1;1;1;1;1;1;0;0;0;0;1;0;1;1;0;0;0;1;0;2;;0,85;M;2024;9;8;777,15;0
68561;1;M;1;1;1;1;1;1;1;0;0;0;0;1;0;1;1;0;0;0;1;0;4;;0,80;A;2024;9;9;1815,96;0
68563;1;M;1;1;1;1;1;1;1;0;0;0;0;1;0;1;1;0;0;0;1;0;3;;1,56;M;2024;9;9;838,09;0
68596;1;M;1;1;1;1;1;1;1;0;0;0;0;1;0;1;1;0;0;0;1;0;7;;0,50;A;2024;9;11;630,97;0
68615;1;C;1;1;0;0;0;0;0;0;1;0;1;0;0;1;1;0;0;0;1;0;0;;0,95;S;2024;8;31;409,27;0
68618;1;M;1;1;1;1;1;1;1;0;0;0;0;1;0;1;1;0;0;0;1;0;3;N;0,72;A;2024;9;10;958,57;0
68652;1;M;1;1;0;0;0;0;0;0;0;0;0;0;0;1;1;0;0;0;1;0;2;;0,90;S;2024;9;9;406,54;0
68692;1;M;1;1;1;1;1;1;1;0;0;0;0;1;0;1;1;0;0;0;1;0;3;;0,76;M;2024;9;10;390,73;0
68725;1;M;1;1;0;0;0;0;0;0;0;0;0;0;0;1;1;0;0;0;1;0;7;;0,50;M;2024;9;10;365,19;0
68725;3;M;1;1;0;0;0;0;0;0;0;0;0;0;0;1;1;0;0;0;1;0;6;;0,50;M;2024;4;1;542,22;0
68725;2;M;1;1;1;1;1;1;1;0;0;0;0;1;0;1;1;0;0;0;1;0;3;;0,50;M;2024;9;14;401,23;0
68725;4;M;1;1;0;0;0;0;0;0;0;0;0;0;0;1;1;0;0;0;1;0;6;N;0,50;M;2024;4;3;592,29;0
68737;1;M;1;1;0;0;0;0;0;0;0;0;0;0;0;1;1;0;0;0;1;0;3;;0,85;S;2024;9;9;492,41;0
68768;1;C;1;1;0;0;0;0;0;0;1;0;0;0;0;1;1;0;0;0;0;0;0;;1,00;M;2024;9;10;328,98;0
68804;1;M;1;1;1;1;1;1;1;0;0;0;0;0;0;1;1;0;0;0;1;0;7;;0,50;A;2024;9;1;571,99;0
68810;1;C;1;1;1;1;1;1;1;0;1;0;0;1;0;1;1;0;0;0;0;0;0;;0,95;M;2024;9;12;819,20;0
68969;1;M;1;1;0;0;0;0;0;0;0;0;0;0;0;1;1;0;0;0;1;0;0;;1,00;M;2024;9;13;873,75;0
68969;2;M;1;1;1;1;1;1;0;0;0;0;0;1;0;1;1;0;0;0;1;0;6;;0,60;M;2024;9;16;531,67;0
69002;1;M;1;1;1;1;1;1;1;0;0;0;0;1;0;1;1;0;0;0;1;0;5;;0,60;M;2024;9;14;370,03;0
69006;1;M;1;1;1;1;1;1;0;0;0;0;0;1;0;1;1;0;0;0;1;0;3;;0,50;M;2024;9;18;267,12;0
69183;1;M;1;1;1;1;1;1;1;0;0;0;0;1;0;1;1;0;0;0;1;0;7;;0,50;M;2024;9;13;455,73;0
69236;2;M;0;0;0;0;0;0;0;0;0;0;0;0;0;0;0;0;0;0;0;0;0;;0,90;M;2024;2;20;1041,71;0
69270;1;M;1;1;1;1;1;1;1;0;0;0;0;1;0;1;1;0;0;0;1;0;4;N;0,50;M;2024;9;12;559,01;0
69270;2;M;1;1;0;0;0;0;0;0;0;0;0;0;0;1;1;0;0;0;1;0;4;;0,50;M;2024;12;3;290,12;0
69270;3;M;1;1;1;1;1;1;1;0;0;0;0;1;0;1;1;0;0;0;1;0;5;;0,50;M;2024;2;21;565,73;0
69373;1;M;1;1;0;0;0;0;0;0;0;0;0;0;0;1;1;0;0;0;1;0;3;;0,50;A;2024;9;15;272,10;0
69434;1;M;1;1;0;0;0;0;0;0;0;0;0;0;0;1;1;0;0;0;1;0;3;;1,00;A;2024;9;19;373,89;0
69455;1;M;1;1;0;0;0;0;0;0;0;0;0;0;0;1;1;0;0;0;1;0;6;;0,50;M;2024;9;19;393,97;0
69471;1;M;1;1;1;1;1;1;1;0;0;0;0;1;0;1;1;0;0;0;1;0;4;;0,80;A;2024;9;20;1132,82;0
69567;1;M;1;1;1;1;1;0;0;0;0;0;0;1;0;1;1;0;0;0;1;0;3;;1,00;M;2024;9;21;199,19;0
69579;1;M;1;1;1;1;1;0;0;0;0;0;0;1;0;1;1;0;0;0;0;0;0;;1,00;M;2024;10;13;170,56;0
69584;1;M;1;1;0;0;0;0;0;0;0;0;0;0;0;1;1;0;0;0;1;0;2;;0,90;M;2024;9;16;704,93;0
69609;1;M;1;1;0;0;0;0;0;0;0;0;0;0;0;1;1;0;0;0;1;0;2;;1,00;M;2024;9;21;370,77;0
69626;1;M;1;1;1;1;1;1;1;0;0;0;0;1;0;1;1;0;0;0;1;0;7;;0,50;M;2024;10;2;766,93;0
69658;2;M;1;1;0;0;0;0;0;0;0;0;0;0;0;1;1;0;0;0;1;0;1;;0,90;M;2024;5;19;412,31;0
69810;1;M;1;1;0;0;0;0;0;0;0;0;0;0;0;1;1;0;0;0;1;0;7;;0,50;A;2024;9;22;439,55;0
69874;2;M;1;1;1;1;1;1;0;0;0;0;0;1;0;1;1;0;0;0;1;0;6;;0,50;M;2024;3;6;566,00;0
69874;1;M;1;1;1;1;1;1;0;0;0;0;0;1;0;1;1;0;0;0;1;0;3;;0,50;M;2024;9;23;446,52;0
69987;1;M;1;1;1;1;1;1;1;0;0;0;0;1;0;1;1;0;0;0;1;0;7;;0,50;M;2024;9;24;629,58;0
69995;1;M;1;1;1;1;1;1;0;0;0;0;0;1;0;1;1;0;0;0;1;0;3;;0,90;M;2024;9;29;503,36;0
69995;2;M;1;1;0;0;0;0;0;0;0;0;0;0;0;1;1;0;0;0;1;0;4;;0,72;M;2024;6;14;218,82;0
70144;1;M;1;1;0;0;0;0;0;0;0;0;0;0;0;1;1;0;0;0;1;0;4;N;0,60;M;2024;9;20;263,75;0
70263;2;M;1;1;1;1;1;1;0;0;0;0;0;1;0;1;1;0;0;0;1;0;3;;0,50;M;2024;2;18;424,33;0
70263;1;M;1;1;1;1;1;1;1;0;0;0;0;1;0;1;1;0;0;0;1;0;6;;0,50;M;2024;10;1;771,88;0
70269;1;M;1;1;1;1;1;0;0;0;0;0;0;1;0;1;1;0;0;0;0;0;0;;1,00;A;2024;9;28;168,72;0
70269;2;M;1;1;0;0;0;0;0;0;0;0;0;0;0;1;1;0;0;0;0;0;0;;1,00;A;2024;9;28;113,69;0
70276;1;M;1;1;1;1;1;1;1;0;0;0;0;1;0;1;1;0;0;0;1;0;1;;0,95;A;2024;9;28;1258,09;0
70288;1;M;1;1;1;1;1;1;0;0;0;0;0;1;0;1;1;0;0;0;1;0;3;;0,72;M;2024;10;1;407,19;0
70373;1;M;1;1;1;1;1;1;1;0;0;0;0;1;0;1;1;0;0;0;1;0;5;;0,50;M;2024;9;29;550,13;0
70391;1;M;1;1;0;0;0;0;0;0;0;0;0;0;0;1;1;0;0;0;1;0;3;;0,50;A;2024;9;29;179,80;0
70504;1;M;1;1;0;0;0;0;0;0;0;0;0;0;0;1;1;0;0;0;1;0;7;;0,50;M;2024;11;3;204,53;0
70506;1;M;1;1;0;0;0;0;0;0;0;0;0;0;0;1;1;0;0;0;1;0;4;;0,64;M;2024;9;30;283,63;0
70542;1;M;1;1;1;1;1;1;0;0;0;0;0;1;0;1;1;0;0;0;1;0;7;;0,50;M;2024;9;30;212,88;0
70542;2;M;1;1;1;1;1;1;0;0;0;0;0;1;0;1;1;0;0;0;1;0;3;;0,80;M;2024;4;25;344,11;0
70543;1;M;1;1;1;1;1;1;0;0;0;0;0;1;0;1;1;0;0;0;1;0;2;;0,85;A;2024;9;30;512,58;0
70566;1;M;1;1;1;1;1;1;0;0;0;0;0;1;0;1;1;0;0;0;1;0;3;;0,90;M;2024;10;1;240,64;0
70568;1;M;1;1;1;1;1;1;0;0;0;0;0;1;0;1;1;0;0;0;1;0;4;;0,60;M;2024;10;3;426,90;0
70568;2;M;1;1;0;0;0;0;0;0;0;0;0;0;0;1;1;0;0;0;1;0;5;N;0,57;M;2024;7;18;170,44;0
70692;1;M;1;1;0;0;0;0;0;0;0;0;0;0;0;1;1;0;0;0;0;0;3;;1,00;A;2024;3;31;76,06;0
70745;1;M;1;1;1;1;1;1;0;0;0;0;0;1;0;1;1;0;0;0;1;0;7;;0,50;S;2024;12;1;375,04;0
70817;1;M;1;1;1;1;0;1;0;0;0;0;0;0;0;1;1;0;0;0;1;0;4;;0,54;A;2024;10;3;402,09;0
70920;1;C;1;1;0;0;0;0;0;0;1;0;0;0;0;1;1;0;0;0;0;0;0;;1,00;A;2024;10;6;313,69;0
71001;1;C;1;1;1;1;1;1;1;0;1;0;0;1;0;1;1;0;0;0;0;0;0;;1,00;A;2024;10;6;948,32;0
71081;2;M;1;1;0;0;0;0;0;0;0;0;0;0;0;1;1;0;0;0;0;0;3;;1,00;M;2024;10;23;81,90;0
71081;1;M;1;1;0;0;0;0;0;0;0;0;0;0;0;1;1;0;0;0;0;0;3;;1,00;M;2024;10;23;81,90;0
71090;1;M;1;1;1;1;1;1;0;0;0;0;0;1;0;1;1;0;1;0;1;0;1;;1,00;A;2024;10;6;509,35;0
71305;1;M;1;1;0;0;0;0;0;0;0;0;0;0;0;1;1;0;0;0;1;0;7;;0,50;M;2024;10;10;326,75;0
71368;1;M;1;1;1;1;1;1;1;0;0;0;0;1;0;1;1;0;0;0;1;0;4;;0,76;M;2024;10;7;501,78;0
71377;1;M;1;1;0;0;0;0;0;0;0;0;0;0;0;1;1;0;0;0;1;0;4;;0,64;M;2024;1;1;534,56;0
71385;1;M;1;1;1;1;1;1;1;0;0;0;0;0;0;1;1;0;0;0;1;0;6;;0,58;A;2024;10;11;834,09;1
71451;1;M;1;1;1;1;1;1;0;0;0;0;0;1;0;1;1;0;0;0;1;0;3;N;0,80;M;2024;10;12;1213,33;0
71482;1;M;1;1;1;1;1;0;0;0;0;0;0;1;0;1;1;0;1;0;1;0;0;;1,00;A;2024;10;12;366,69;0
71485;1;M;1;1;1;1;1;0;0;0;0;0;0;1;0;1;1;0;0;0;0;0;0;;1,00;M;2024;10;12;190,94;0
71532;1;M;1;1;1;1;1;1;1;0;0;0;0;1;0;1;1;0;0;0;1;0;4;;0,50;M;2024;10;16;489,37;0
71590;1;M;0;0;0;0;0;0;0;0;0;0;0;0;0;0;0;1;0;0;0;0;0;;1,00;A;2024;10;14;64,30;0
71624;1;M;1;1;1;1;1;1;1;0;0;0;0;1;0;1;1;0;0;0;1;0;4;;0,80;A;2024;10;15;800,32;0
71912;1;M;1;1;1;1;1;1;0;0;0;0;0;1;0;1;1;0;0;0;1;0;5;;0,57;M;2024;10;19;995,16;0
72003;1;M;1;1;1;1;1;1;0;0;0;0;0;1;0;1;1;0;0;0;1;0;7;;0,50;M;2024;10;19;283,28;0
72425;2;M;1;1;1;1;1;1;0;0;0;0;0;1;0;1;1;0;0;0;1;0;6;;0,64;M;2024;12;28;882,51;0
72442;3;M;1;1;0;0;0;0;0;0;0;0;0;0;0;1;1;0;0;0;1;0;3;;0,90;M;2024;12;21;281,21;0
72442;1;M;1;1;0;0;0;0;0;0;0;0;0;0;0;1;1;0;0;0;1;0;3;;0,90;M;2024;10;24;538,69;0
72452;1;M;1;1;0;0;0;0;0;0;0;0;0;0;0;1;1;0;0;0;1;0;5;;0,50;M;2024;10;25;358,91;0
72497;1;M;1;1;1;1;1;1;1;0;0;0;0;1;0;1;1;0;1;1;1;0;7;;0,50;M;2024;10;26;1308,79;0
72522;1;M;1;1;0;0;0;0;0;0;0;0;0;0;0;1;1;0;0;0;1;0;3;;0,90;M;2024;10;26;1060,12;0
72570;1;M;1;1;1;1;1;1;0;0;0;0;0;1;0;1;1;0;0;0;1;0;1;;1,00;A;2024;10;27;1020,34;0
72573;3;M;1;1;0;0;0;0;0;0;0;0;0;0;0;1;1;0;0;0;1;0;7;;0,50;A;2024;1;1;121,44;0
72573;1;M;1;1;0;0;0;0;0;0;0;0;0;0;0;1;1;0;0;0;1;0;7;;0,50;A;2024;10;27;126,34;0
72573;2;M;1;1;0;0;0;0;0;0;0;0;0;0;0;1;1;0;0;0;1;0;3;;1,00;A;2024;10;13;132,45;0
72633;1;M;1;1;1;1;1;1;0;0;0;0;0;1;0;1;1;0;1;0;1;0;4;;0,54;M;2024;10;28;660,50;0
72704;1;M;1;1;0;0;0;0;0;0;0;0;0;0;0;1;1;0;0;0;0;0;3;;1,00;M;2024;10;28;105,74;0
72815;2;M;1;1;1;1;1;0;0;0;0;0;0;1;0;1;1;0;0;0;0;0;0;;1,00;A;2024;12;2;214,43;0
72815;1;M;1;1;1;1;1;0;0;0;0;0;0;1;0;1;1;0;0;0;1;0;0;;1,00;A;2024;11;10;210,26;0
72815;3;M;1;1;1;1;1;0;0;0;0;0;0;1;0;1;1;0;0;0;0;0;0;;1,00;A;2024;1;19;240,30;0
72922;1;C;1;1;0;0;0;0;0;0;1;0;0;0;0;1;1;0;0;0;0;0;0;;1,00;A;2024;11;2;403,30;0
73020;1;C;1;1;1;1;0;1;1;0;1;0;0;0;0;1;1;0;0;0;0;0;0;;1,00;M;2024;10;19;523,48;3
73020;2;M;1;1;0;0;0;0;0;0;0;0;0;0;0;1;1;0;0;0;1;0;1;;0,95;M;2024;12;1;723,24;0
73025;1;M;1;1;1;1;1;1;0;0;0;0;0;1;0;1;1;0;0;0;1;0;4;;0,55;A;2024;11;9;206,67;0
73131;1;C;1;1;0;0;0;0;0;0;1;0;0;0;0;1;1;0;0;0;0;0;0;;1,00;A;2024;11;3;410,67;0
73147;1;M;1;1;0;0;0;0;0;0;0;0;0;0;0;1;1;0;0;0;1;0;1;;0,95;M;2024;11;4;321,87;0
73154;1;M;1;1;1;1;1;1;1;0;0;0;0;1;0;1;1;0;0;0;1;0;3;;0,76;M;2024;11;5;929,79;0
73215;1;M;1;1;1;1;1;0;0;0;0;0;0;1;0;1;1;0;0;0;0;0;0;;1,00;M;2024;11;7;175,00;0
73215;2;M;1;1;1;1;1;1;1;0;0;0;0;1;0;1;1;0;0;0;1;0;4;;0,54;M;2024;5;15;517,65;0
73268;1;M;1;1;1;1;1;1;1;0;0;0;0;1;0;1;1;0;0;0;1;0;7;;0,50;A;2024;9;24;526,28;0
73303;2;M;1;1;1;1;1;1;0;0;0;0;0;1;0;1;1;0;0;0;1;0;1;;0,95;M;2024;5;28;635,15;0
73344;1;M;1;1;1;1;1;1;0;0;0;0;0;1;0;1;1;0;0;0;1;0;4;;0,50;M;2024;11;9;504,05;0
73402;1;M;1;1;1;1;1;1;1;0;0;0;0;1;0;1;1;0;0;0;1;0;6;;0,50;M;2024;11;8;352,85;0
73402;2;M;1;1;0;0;0;0;0;0;0;0;0;0;0;1;1;0;0;0;1;0;6;;0,50;M;2024;1;18;225,59;0
73545;1;M;1;1;0;0;0;0;0;0;0;0;0;0;0;1;1;0;0;0;1;0;4;N;0,55;M;2024;11;10;324,00;0
73693;1;M;1;1;1;1;1;1;0;0;0;0;0;1;0;1;1;0;0;0;1;0;6;;0,54;A;2024;11;14;290,23;0
73693;2;M;1;1;1;1;1;1;0;0;0;0;0;1;0;1;1;0;0;0;1;0;5;;0,60;A;2024;12;9;260,60;0
73693;3;M;1;1;0;0;0;0;0;0;0;0;0;0;0;1;1;0;0;0;1;0;4;;0,72;A;2024;9;22;469,84;0
73750;3;M;1;1;1;1;1;1;0;0;0;0;0;1;0;1;1;0;0;0;1;0;5;;0,54;A;2024;4;27;337,62;0
73750;4;M;1;1;0;0;0;0;0;0;0;0;0;0;0;1;1;0;0;0;0;0;0;;1,00;A;2024;12;4;78,43;0
73750;2;M;1;1;0;0;0;0;0;0;0;0;0;0;0;1;1;0;0;0;0;0;0;;1,00;A;2024;11;30;81,57;0
73750;1;M;1;1;0;0;0;0;0;0;0;0;0;0;0;1;1;0;0;0;0;0;3;;1,00;A;2024;11;15;79,11;0
73876;1;M;1;1;1;1;1;1;0;0;0;0;0;1;0;1;1;0;0;0;1;0;2;;0,90;A;2024;11;16;459,08;0
73927;1;M;1;1;1;1;1;1;1;0;0;0;0;1;0;1;1;0;0;0;1;0;2;;0,85;M;2024;11;17;1341,22;0
74005;1;M;1;1;0;0;0;0;0;0;0;0;0;0;0;1;1;0;0;0;1;0;7;;0,50;A;2024;11;18;332,75;0
74031;2;M;1;1;1;1;1;1;1;0;0;0;0;1;0;1;1;0;0;0;1;0;4;;0,72;M;2024;11;28;920,61;0
74031;1;M;1;1;1;1;1;1;1;0;0;0;0;1;0;1;1;0;0;0;1;0;4;;0,76;M;2024;9;30;1129,01;0
74066;1;M;1;1;0;0;0;0;0;0;0;0;0;0;0;1;1;0;0;0;1;0;6;;0,54;M;2024;11;19;606,82;0
74091;1;M;1;1;1;1;1;1;1;0;0;0;0;1;0;1;1;0;0;0;1;0;7;;0,50;M;2024;11;19;431,03;0
74100;2;M;1;1;0;0;0;0;0;0;0;0;0;0;0;1;1;0;0;0;0;0;0;;1,00;M;2024;12;24;180,53;3
74100;1;M;1;1;1;1;1;1;0;0;0;0;0;1;0;1;1;0;0;0;1;0;6;;0,54;M;2024;12;24;478,49;0
74167;1;M;1;1;1;1;1;0;0;0;0;0;0;1;0;1;1;0;0;0;1;0;3;;1,00;M;2024;11;18;91,11;0
74167;5;M;1;1;0;0;0;0;0;0;0;0;0;0;0;1;1;0;0;0;1;0;4;;0,76;M;2024;10;5;212,32;0
74167;4;M;1;1;1;1;1;0;0;0;0;0;0;1;0;1;1;0;0;0;1;0;3;;1,00;M;2024;3;20;104,38;0
74173;1;M;1;1;0;0;0;0;0;0;0;0;0;0;0;1;1;0;0;0;0;0;0;;1,00;A;2024;11;21;81,57;0
74263;2;M;1;1;0;0;0;0;0;0;0;0;0;0;0;1;1;0;0;0;1;0;5;;0,68;M;2024;3;5;470,04;0
74263;1;M;1;1;0;0;0;0;0;0;0;0;0;0;0;1;1;0;0;0;1;0;3;;0,85;M;2024;11;23;664,69;0
74278;1;M;1;1;0;0;0;0;0;0;0;0;0;0;0;1;1;0;0;0;1;0;2;;1,56;M;2024;11;23;1007,93;0
74346;1;M;1;1;1;1;1;1;0;0;0;0;0;1;0;1;1;0;0;0;1;0;3;;0,54;A;2024;11;24;499,71;0
74372;1;M;1;1;1;1;1;1;1;0;0;0;0;1;0;1;1;0;0;0;1;0;3;;0,50;S;2024;11;26;721,51;0
74393;3;M;1;1;1;1;1;1;1;0;0;0;0;1;0;1;1;0;0;0;1;0;6;;0,64;M;2024;3;2;378,64;0
74393;1;M;1;1;1;1;1;1;1;0;0;0;0;1;0;1;1;0;0;0;1;0;3;;0,80;M;2024;11;24;899,49;0
74493;1;M;1;1;1;1;1;1;0;0;0;0;0;1;0;1;1;0;0;0;1;0;3;;1,00;M;2024;11;24;1988,80;0
74497;2;M;1;1;1;1;1;1;0;0;0;0;0;1;0;1;1;0;0;0;1;0;7;;0,50;M;2024;12;30;266,40;0
74497;1;M;1;1;0;0;0;0;0;0;0;0;0;0;0;1;1;0;0;0;1;0;7;;0,50;M;2024;12;30;211,21;0
74512;1;C;0;0;0;0;0;0;0;0;0;0;0;0;0;0;0;1;0;0;0;0;0;;1,00;A;2024;11;25;64,30;0
74606;1;C;1;1;0;0;0;0;0;0;1;0;0;0;0;1;1;0;0;0;0;0;0;;0,95;A;2024;12;1;310,98;0
74614;1;M;1;1;1;1;1;1;0;0;0;0;0;1;0;1;1;0;0;0;1;0;6;;0,50;M;2024;11;28;301,68;0
74664;3;M;1;1;1;1;1;1;1;0;0;0;0;1;0;1;1;0;0;0;1;0;3;;0,90;M;2024;3;23;418,99;0
74725;1;M;1;1;1;1;1;1;1;0;0;0;0;1;0;1;1;0;0;0;1;0;5;;0,50;A;2024;11;29;552,88;0
74928;1;M;1;1;0;0;0;0;0;0;0;0;0;0;0;1;1;0;0;0;0;0;3;;1,00;A;2024;12;2;79,11;0
74958;1;M;1;1;0;0;0;0;0;0;0;0;0;0;0;1;1;0;0;0;1;0;4;;0,57;M;2024;12;3;996,72;0
74960;1;M;1;1;0;0;0;0;0;0;0;0;0;0;0;1;1;0;0;0;1;0;3;;1,00;M;2024;12;3;563,43;0
74973;3;M;1;1;1;1;1;1;0;0;0;0;0;1;0;1;1;0;0;0;1;0;3;;0,90;M;2024;6;12;516,80;0
74986;1;M;1;1;1;1;1;0;1;0;0;0;0;1;0;1;1;0;0;0;1;0;3;;1,00;A;2024;12;3;254,72;0
74986;2;M;1;1;0;0;0;0;0;0;0;0;0;0;0;1;1;0;0;0;0;0;3;;1,00;A;2024;9;9;146,45;0
74994;3;M;1;1;0;0;0;0;0;0;0;0;0;0;0;1;1;0;0;0;1;0;3;;0,80;M;2024;3;27;509,54;0
74994;4;M;1;1;0;0;0;0;0;0;0;0;0;0;0;1;1;0;0;0;1;0;4;;0,76;M;2024;1;26;581,98;0
75065;1;M;1;1;1;1;1;1;1;0;1;0;0;0;0;1;1;0;0;0;1;0;4;;0,76;A;2024;12;5;3626,93;1
75088;1;M;1;1;1;1;1;0;1;0;0;0;0;1;0;1;1;0;0;0;1;0;3;;1,00;M;2024;1;8;287,77;0
75103;1;M;1;1;0;0;0;0;0;0;0;0;0;0;0;1;1;0;0;0;1;0;2;;0,95;M;2024;12;5;387,74;0
75138;1;C;1;1;0;0;0;0;0;0;1;0;0;0;0;1;1;0;0;0;0;0;0;;0,95;A;2024;12;6;419,42;0
75160;1;M;1;1;0;0;0;0;0;0;0;0;0;0;0;1;1;0;0;0;1;0;4;N;0,60;A;2024;12;7;367,71;0
75219;1;M;1;1;1;1;1;1;0;0;0;0;0;1;0;1;1;0;0;0;1;0;3;;0,50;A;2024;12;9;385,20;0
75223;1;M;1;1;0;0;0;0;0;0;0;0;0;0;0;1;1;0;0;0;1;0;1;;0,95;M;2024;12;7;430,05;0
75370;1;M;1;1;1;1;1;1;0;0;0;0;0;1;0;1;1;0;0;0;1;0;5;;0,54;M;2024;12;9;481,06;0
75451;1;M;1;1;1;1;1;1;1;0;0;0;0;1;0;1;1;0;0;0;1;0;3;;0,50;M;2024;12;10;676,46;0
75458;3;M;1;1;1;1;1;1;1;0;0;0;0;1;0;1;1;0;0;0;1;0;3;;0,76;A;2024;12;22;1070,61;0
75458;2;M;1;1;1;1;1;1;1;0;0;0;0;1;0;1;1;0;0;0;1;0;4;;0,68;A;2024;5;25;1061,76;0
75521;1;M;1;1;1;1;1;0;0;0;0;0;0;1;0;1;1;0;0;0;0;0;0;;1,00;M;2024;12;11;205,70;0
75544;1;M;1;1;1;1;1;1;1;0;0;0;0;1;0;1;1;0;1;1;1;0;7;;0,50;A;2024;12;13;775,00;0
75641;1;M;1;1;0;0;0;0;0;0;0;0;0;0;0;1;1;0;0;0;0;0;3;;1,00;A;2024;12;13;79,11;0
75690;2;M;1;1;1;1;1;0;1;0;0;0;0;1;0;1;1;0;0;0;1;0;3;;1,00;A;2024;1;16;278,18;0
75690;4;M;1;1;1;1;1;1;0;0;0;0;0;1;0;1;1;0;0;0;1;0;2;;0,95;A;2024;5;9;415,87;0
75690;1;M;1;1;1;1;1;1;1;0;0;0;0;1;0;1;1;0;0;0;1;0;7;;0,50;A;2024;1;16;334,45;0
75903;1;M;1;1;1;1;1;1;1;0;0;0;0;1;0;1;1;0;0;0;1;0;1;;0,95;A;2024;12;16;675,57;0
75920;3;M;1;1;1;1;1;1;1;0;0;0;0;1;0;1;1;0;0;0;1;0;3;;0,50;M;2024;3;25;290,43;0
75920;4;M;1;1;1;1;1;1;1;0;0;0;0;1;0;1;1;0;0;0;1;0;6;;0,54;M;2024;4;20;499,19;0
75920;1;M;1;1;1;1;1;1;1;0;0;0;0;1;0;1;1;0;0;0;1;0;4;;0,50;M;2024;12;16;421,45;0
75920;2;M;1;1;1;1;1;1;1;0;0;0;0;1;0;1;1;0;0;0;1;0;5;N;0,64;M;2024;2;10;691,02;0
75930;2;C;1;1;0;0;0;0;0;0;1;0;0;0;0;1;1;0;0;0;0;0;0;;1,00;M;2024;7;18;429,03;0
75930;4;M;1;1;1;1;1;1;1;0;0;0;0;1;0;1;1;0;0;0;1;0;3;;0,85;M;2024;12;15;599,13;0
75997;1;M;1;1;0;0;0;0;0;0;0;0;0;0;0;1;1;0;0;0;1;0;4;;0,50;A;2024;1;1;247,86;0
76055;1;M;1;1;1;1;1;1;1;0;0;0;0;1;0;1;1;0;0;0;1;0;2;;0,90;A;2024;12;19;642,55;0
76079;1;M;1;1;1;1;1;1;1;0;0;0;0;1;0;1;1;0;0;0;1;0;3;;0,80;M;2024;12;19;691,75;0
76168;1;M;1;1;1;1;1;1;0;0;0;0;0;1;0;1;1;0;0;0;1;0;7;;0,50;M;2024;12;23;431,66;0
76232;1;M;1;1;1;1;1;1;0;0;0;0;0;1;0;1;1;0;0;0;1;0;1;;0,95;M;2024;12;22;702,05;0
76362;1;M;1;1;1;1;0;1;0;0;0;0;0;0;0;1;1;0;0;0;1;0;2;;0,90;A;2024;12;15;433,86;0
76425;1;M;1;1;0;0;0;0;0;0;0;0;0;0;0;1;1;0;0;0;1;0;2;;0,95;M;2024;12;26;523,86;0
76439;1;M;1;1;0;0;0;0;0;0;0;0;0;0;0;1;1;0;0;0;1;0;3;;0,76;A;2024;12;26;622,37;0
76460;1;M;1;1;0;0;0;0;0;0;0;0;0;0;0;1;1;0;0;0;0;0;3;;1,00;A;2024;1;1;76,06;0
76471;1;M;1;1;1;1;1;1;1;0;0;0;0;0;0;1;1;0;0;0;1;0;7;;0,50;A;2024;12;23;608,53;1
76496;1;C;1;1;0;0;0;0;0;0;1;0;0;0;0;1;1;0;0;0;0;0;0;;0,90;M;2024;12;26;462,50;0
76550;2;M;1;1;1;1;1;1;0;0;0;0;0;1;0;1;1;0;1;0;1;0;4;;0,50;A;2024;9;15;663,87;0
76613;1;M;1;1;1;1;1;1;0;0;0;0;0;1;0;1;1;0;0;0;1;0;6;;0,50;M;2024;12;28;235,29;0
76622;1;M;1;1;1;1;1;1;1;0;0;0;0;1;0;1;1;0;0;0;1;0;2;;0,85;M;2024;12;28;1221,16;0
76718;1;M;1;1;1;1;1;1;1;0;0;0;0;0;0;1;1;0;0;0;1;0;7;;0,50;M;2024;1;1;516,50;1
76726;2;M;1;1;1;1;1;1;1;0;0;0;0;1;0;1;1;0;1;1;1;0;6;;0,57;M;2024;1;12;1686,47;0
76795;1;M;1;1;0;0;0;0;0;0;0;0;0;0;0;1;1;0;0;0;0;0;0;;1,00;A;2024;12;30;75,41;0
